retailer,month,material,share,n_items,known_date,thin_sample
asos,2016-10,cashmere,0.0,2,2016-10-31,True
asos,2016-10,cotton,0.0,2,2016-10-31,True
asos,2016-10,denim,0.0,2,2016-10-31,True
asos,2016-10,elastane,0.0,2,2016-10-31,True
asos,2016-10,leather,0.0,2,2016-10-31,True
asos,2016-10,linen,0.0,2,2016-10-31,True
asos,2016-10,nylon,0.35,2,2016-10-31,True
asos,2016-10,other,0.4,2,2016-10-31,True
asos,2016-10,polyester,0.25,2,2016-10-31,True
asos,2016-10,silk,0.0,2,2016-10-31,True
asos,2016-10,technical,0.0,2,2016-10-31,True
asos,2016-10,viscose,0.0,2,2016-10-31,True
asos,2016-10,wool,0.0,2,2016-10-31,True
asos,2016-12,cashmere,0.0,1,2016-12-31,True
asos,2016-12,cotton,0.0,1,2016-12-31,True
asos,2016-12,denim,0.0,1,2016-12-31,True
asos,2016-12,elastane,0.0,1,2016-12-31,True
asos,2016-12,leather,0.0,1,2016-12-31,True
asos,2016-12,linen,0.0,1,2016-12-31,True
asos,2016-12,nylon,0.5,1,2016-12-31,True
asos,2016-12,other,0.0,1,2016-12-31,True
asos,2016-12,polyester,0.5,1,2016-12-31,True
asos,2016-12,silk,0.0,1,2016-12-31,True
asos,2016-12,technical,0.0,1,2016-12-31,True
asos,2016-12,viscose,0.0,1,2016-12-31,True
asos,2016-12,wool,0.0,1,2016-12-31,True
asos,2017-02,cashmere,0.0,4,2017-02-28,True
asos,2017-02,cotton,0.5,4,2017-02-28,True
asos,2017-02,denim,0.0,4,2017-02-28,True
asos,2017-02,elastane,0.02,4,2017-02-28,True
asos,2017-02,leather,0.0,4,2017-02-28,True
asos,2017-02,linen,0.0,4,2017-02-28,True
asos,2017-02,nylon,0.0,4,2017-02-28,True
asos,2017-02,other,0.0,4,2017-02-28,True
asos,2017-02,polyester,0.25,4,2017-02-28,True
asos,2017-02,silk,0.0,4,2017-02-28,True
asos,2017-02,technical,0.0,4,2017-02-28,True
asos,2017-02,viscose,0.23,4,2017-02-28,True
asos,2017-02,wool,0.0,4,2017-02-28,True
asos,2017-03,cashmere,0.0,8,2017-03-31,True
asos,2017-03,cotton,0.875,8,2017-03-31,True
asos,2017-03,denim,0.0,8,2017-03-31,True
asos,2017-03,elastane,0.0,8,2017-03-31,True
asos,2017-03,leather,0.0,8,2017-03-31,True
asos,2017-03,linen,0.0,8,2017-03-31,True
asos,2017-03,nylon,0.0,8,2017-03-31,True
asos,2017-03,other,0.0,8,2017-03-31,True
asos,2017-03,polyester,0.125,8,2017-03-31,True
asos,2017-03,silk,0.0,8,2017-03-31,True
asos,2017-03,technical,0.0,8,2017-03-31,True
asos,2017-03,viscose,0.0,8,2017-03-31,True
asos,2017-03,wool,0.0,8,2017-03-31,True
asos,2017-04,cashmere,0.0,4,2017-04-30,True
asos,2017-04,cotton,0.0,4,2017-04-30,True
asos,2017-04,denim,0.0,4,2017-04-30,True
asos,2017-04,elastane,0.028694,4,2017-04-30,True
asos,2017-04,leather,0.0,4,2017-04-30,True
asos,2017-04,linen,0.0,4,2017-04-30,True
asos,2017-04,nylon,0.123153,4,2017-04-30,True
asos,2017-04,other,0.25,4,2017-04-30,True
asos,2017-04,polyester,0.598153,4,2017-04-30,True
asos,2017-04,silk,0.0,4,2017-04-30,True
asos,2017-04,technical,0.0,4,2017-04-30,True
asos,2017-04,viscose,0.0,4,2017-04-30,True
asos,2017-04,wool,0.0,4,2017-04-30,True
asos,2017-05,cashmere,0.0,4,2017-05-31,True
asos,2017-05,cotton,0.25,4,2017-05-31,True
asos,2017-05,denim,0.245,4,2017-05-31,True
asos,2017-05,elastane,0.03,4,2017-05-31,True
asos,2017-05,leather,0.0,4,2017-05-31,True
asos,2017-05,linen,0.0,4,2017-05-31,True
asos,2017-05,nylon,0.35,4,2017-05-31,True
asos,2017-05,other,0.0,4,2017-05-31,True
asos,2017-05,polyester,0.125,4,2017-05-31,True
asos,2017-05,silk,0.0,4,2017-05-31,True
asos,2017-05,technical,0.0,4,2017-05-31,True
asos,2017-05,viscose,0.0,4,2017-05-31,True
asos,2017-05,wool,0.0,4,2017-05-31,True
asos,2017-07,cashmere,0.0,4,2017-07-31,True
asos,2017-07,cotton,0.5,4,2017-07-31,True
asos,2017-07,denim,0.0,4,2017-07-31,True
asos,2017-07,elastane,0.0,4,2017-07-31,True
asos,2017-07,leather,0.0,4,2017-07-31,True
asos,2017-07,linen,0.0,4,2017-07-31,True
asos,2017-07,nylon,0.0,4,2017-07-31,True
asos,2017-07,other,0.25,4,2017-07-31,True
asos,2017-07,polyester,0.25,4,2017-07-31,True
asos,2017-07,silk,0.0,4,2017-07-31,True
asos,2017-07,technical,0.0,4,2017-07-31,True
asos,2017-07,viscose,0.0,4,2017-07-31,True
asos,2017-07,wool,0.0,4,2017-07-31,True
asos,2017-11,cashmere,0.0,2,2017-11-30,True
asos,2017-11,cotton,1.0,2,2017-11-30,True
asos,2017-11,denim,0.0,2,2017-11-30,True
asos,2017-11,elastane,0.0,2,2017-11-30,True
asos,2017-11,leather,0.0,2,2017-11-30,True
asos,2017-11,linen,0.0,2,2017-11-30,True
asos,2017-11,nylon,0.0,2,2017-11-30,True
asos,2017-11,other,0.0,2,2017-11-30,True
asos,2017-11,polyester,0.0,2,2017-11-30,True
asos,2017-11,silk,0.0,2,2017-11-30,True
asos,2017-11,technical,0.0,2,2017-11-30,True
asos,2017-11,viscose,0.0,2,2017-11-30,True
asos,2017-11,wool,0.0,2,2017-11-30,True
asos,2017-12,cashmere,0.0,6,2017-12-31,True
asos,2017-12,cotton,0.855,6,2017-12-31,True
asos,2017-12,denim,0.0,6,2017-12-31,True
asos,2017-12,elastane,0.0,6,2017-12-31,True
asos,2017-12,leather,0.0,6,2017-12-31,True
asos,2017-12,linen,0.0,6,2017-12-31,True
asos,2017-12,nylon,0.0,6,2017-12-31,True
asos,2017-12,other,0.0,6,2017-12-31,True
asos,2017-12,polyester,0.145,6,2017-12-31,True
asos,2017-12,silk,0.0,6,2017-12-31,True
asos,2017-12,technical,0.0,6,2017-12-31,True
asos,2017-12,viscose,0.0,6,2017-12-31,True
asos,2017-12,wool,0.0,6,2017-12-31,True
asos,2018-01,cashmere,0.0,5,2018-01-31,True
asos,2018-01,cotton,0.333333,5,2018-01-31,True
asos,2018-01,denim,0.0,5,2018-01-31,True
asos,2018-01,elastane,0.033524,5,2018-01-31,True
asos,2018-01,leather,0.0,5,2018-01-31,True
asos,2018-01,linen,0.0,5,2018-01-31,True
asos,2018-01,nylon,0.0,5,2018-01-31,True
asos,2018-01,other,0.046154,5,2018-01-31,True
asos,2018-01,polyester,0.386989,5,2018-01-31,True
asos,2018-01,silk,0.0,5,2018-01-31,True
asos,2018-01,technical,0.0,5,2018-01-31,True
asos,2018-01,viscose,0.2,5,2018-01-31,True
asos,2018-01,wool,0.0,5,2018-01-31,True
asos,2018-03,cashmere,0.0,1,2018-03-31,True
asos,2018-03,cotton,0.0,1,2018-03-31,True
asos,2018-03,denim,0.0,1,2018-03-31,True
asos,2018-03,elastane,0.1,1,2018-03-31,True
asos,2018-03,leather,0.0,1,2018-03-31,True
asos,2018-03,linen,0.0,1,2018-03-31,True
asos,2018-03,nylon,0.4,1,2018-03-31,True
asos,2018-03,other,0.0,1,2018-03-31,True
asos,2018-03,polyester,0.5,1,2018-03-31,True
asos,2018-03,silk,0.0,1,2018-03-31,True
asos,2018-03,technical,0.0,1,2018-03-31,True
asos,2018-03,viscose,0.0,1,2018-03-31,True
asos,2018-03,wool,0.0,1,2018-03-31,True
asos,2018-04,cashmere,0.0,2,2018-04-30,True
asos,2018-04,cotton,0.0975,2,2018-04-30,True
asos,2018-04,denim,0.0,2,2018-04-30,True
asos,2018-04,elastane,0.0,2,2018-04-30,True
asos,2018-04,leather,0.0,2,2018-04-30,True
asos,2018-04,linen,0.0,2,2018-04-30,True
asos,2018-04,nylon,0.335,2,2018-04-30,True
asos,2018-04,other,0.0,2,2018-04-30,True
asos,2018-04,polyester,0.5,2,2018-04-30,True
asos,2018-04,silk,0.0,2,2018-04-30,True
asos,2018-04,technical,0.0,2,2018-04-30,True
asos,2018-04,viscose,0.0675,2,2018-04-30,True
asos,2018-04,wool,0.0,2,2018-04-30,True
asos,2018-08,cashmere,0.0,2,2018-08-31,True
asos,2018-08,cotton,0.0,2,2018-08-31,True
asos,2018-08,denim,0.5,2,2018-08-31,True
asos,2018-08,elastane,0.0,2,2018-08-31,True
asos,2018-08,leather,0.0,2,2018-08-31,True
asos,2018-08,linen,0.0,2,2018-08-31,True
asos,2018-08,nylon,0.0,2,2018-08-31,True
asos,2018-08,other,0.0,2,2018-08-31,True
asos,2018-08,polyester,0.5,2,2018-08-31,True
asos,2018-08,silk,0.0,2,2018-08-31,True
asos,2018-08,technical,0.0,2,2018-08-31,True
asos,2018-08,viscose,0.0,2,2018-08-31,True
asos,2018-08,wool,0.0,2,2018-08-31,True
asos,2019-04,cashmere,0.0,11,2019-04-30,True
asos,2019-04,cotton,0.0,11,2019-04-30,True
asos,2019-04,denim,0.0,11,2019-04-30,True
asos,2019-04,elastane,0.0,11,2019-04-30,True
asos,2019-04,leather,0.0,11,2019-04-30,True
asos,2019-04,linen,0.0,11,2019-04-30,True
asos,2019-04,nylon,0.0,11,2019-04-30,True
asos,2019-04,other,0.0,11,2019-04-30,True
asos,2019-04,polyester,1.0,11,2019-04-30,True
asos,2019-04,silk,0.0,11,2019-04-30,True
asos,2019-04,technical,0.0,11,2019-04-30,True
asos,2019-04,viscose,0.0,11,2019-04-30,True
asos,2019-04,wool,0.0,11,2019-04-30,True
asos,2019-05,cashmere,0.0,10,2019-05-31,True
asos,2019-05,cotton,0.0,10,2019-05-31,True
asos,2019-05,denim,0.0,10,2019-05-31,True
asos,2019-05,elastane,0.0,10,2019-05-31,True
asos,2019-05,leather,0.0,10,2019-05-31,True
asos,2019-05,linen,0.0,10,2019-05-31,True
asos,2019-05,nylon,0.0,10,2019-05-31,True
asos,2019-05,other,0.0,10,2019-05-31,True
asos,2019-05,polyester,1.0,10,2019-05-31,True
asos,2019-05,silk,0.0,10,2019-05-31,True
asos,2019-05,technical,0.0,10,2019-05-31,True
asos,2019-05,viscose,0.0,10,2019-05-31,True
asos,2019-05,wool,0.0,10,2019-05-31,True
asos,2019-06,cashmere,0.0,9,2019-06-30,True
asos,2019-06,cotton,0.0,9,2019-06-30,True
asos,2019-06,denim,0.0,9,2019-06-30,True
asos,2019-06,elastane,0.0,9,2019-06-30,True
asos,2019-06,leather,0.0,9,2019-06-30,True
asos,2019-06,linen,0.0,9,2019-06-30,True
asos,2019-06,nylon,0.0,9,2019-06-30,True
asos,2019-06,other,0.0,9,2019-06-30,True
asos,2019-06,polyester,1.0,9,2019-06-30,True
asos,2019-06,silk,0.0,9,2019-06-30,True
asos,2019-06,technical,0.0,9,2019-06-30,True
asos,2019-06,viscose,0.0,9,2019-06-30,True
asos,2019-06,wool,0.0,9,2019-06-30,True
asos,2019-09,cashmere,0.0,36,2019-09-30,False
asos,2019-09,cotton,0.479861,36,2019-09-30,False
asos,2019-09,denim,0.0,36,2019-09-30,False
asos,2019-09,elastane,0.011389,36,2019-09-30,False
asos,2019-09,leather,0.0,36,2019-09-30,False
asos,2019-09,linen,0.007639,36,2019-09-30,False
asos,2019-09,nylon,0.074226,36,2019-09-30,False
asos,2019-09,other,0.03137,36,2019-09-30,False
asos,2019-09,polyester,0.295278,36,2019-09-30,False
asos,2019-09,silk,0.0,36,2019-09-30,False
asos,2019-09,technical,0.0,36,2019-09-30,False
asos,2019-09,viscose,0.095556,36,2019-09-30,False
asos,2019-09,wool,0.004682,36,2019-09-30,False
asos,2019-10,cashmere,0.0,37,2019-10-31,False
asos,2019-10,cotton,0.037838,37,2019-10-31,False
asos,2019-10,denim,0.063063,37,2019-10-31,False
asos,2019-10,elastane,0.010247,37,2019-10-31,False
asos,2019-10,leather,0.027027,37,2019-10-31,False
asos,2019-10,linen,0.0,37,2019-10-31,False
asos,2019-10,nylon,0.0,37,2019-10-31,False
asos,2019-10,other,0.104054,37,2019-10-31,False
asos,2019-10,polyester,0.693447,37,2019-10-31,False
asos,2019-10,silk,0.0,37,2019-10-31,False
asos,2019-10,technical,0.014865,37,2019-10-31,False
asos,2019-10,viscose,0.035946,37,2019-10-31,False
asos,2019-10,wool,0.013514,37,2019-10-31,False
asos,2019-11,cashmere,0.0,25,2019-11-30,True
asos,2019-11,cotton,0.061,25,2019-11-30,True
asos,2019-11,denim,0.08,25,2019-11-30,True
asos,2019-11,elastane,0.029165,25,2019-11-30,True
asos,2019-11,leather,0.0,25,2019-11-30,True
asos,2019-11,linen,0.011,25,2019-11-30,True
asos,2019-11,nylon,0.0092,25,2019-11-30,True
asos,2019-11,other,0.0,25,2019-11-30,True
asos,2019-11,polyester,0.700035,25,2019-11-30,True
asos,2019-11,silk,0.0,25,2019-11-30,True
asos,2019-11,technical,0.0,25,2019-11-30,True
asos,2019-11,viscose,0.0816,25,2019-11-30,True
asos,2019-11,wool,0.028,25,2019-11-30,True
asos,2019-12,cashmere,0.0,22,2019-12-31,True
asos,2019-12,cotton,0.420455,22,2019-12-31,True
asos,2019-12,denim,0.0,22,2019-12-31,True
asos,2019-12,elastane,0.011294,22,2019-12-31,True
asos,2019-12,leather,0.0,22,2019-12-31,True
asos,2019-12,linen,0.0,22,2019-12-31,True
asos,2019-12,nylon,0.002185,22,2019-12-31,True
asos,2019-12,other,0.031818,22,2019-12-31,True
asos,2019-12,polyester,0.454038,22,2019-12-31,True
asos,2019-12,silk,0.0,22,2019-12-31,True
asos,2019-12,technical,0.0,22,2019-12-31,True
asos,2019-12,viscose,0.066573,22,2019-12-31,True
asos,2019-12,wool,0.013636,22,2019-12-31,True
asos,2020-01,cashmere,0.0,14,2020-01-31,True
asos,2020-01,cotton,0.0,14,2020-01-31,True
asos,2020-01,denim,0.0,14,2020-01-31,True
asos,2020-01,elastane,0.205952,14,2020-01-31,True
asos,2020-01,leather,0.0,14,2020-01-31,True
asos,2020-01,linen,0.0,14,2020-01-31,True
asos,2020-01,nylon,0.078571,14,2020-01-31,True
asos,2020-01,other,0.042857,14,2020-01-31,True
asos,2020-01,polyester,0.613095,14,2020-01-31,True
asos,2020-01,silk,0.0,14,2020-01-31,True
asos,2020-01,technical,0.059524,14,2020-01-31,True
asos,2020-01,viscose,0.0,14,2020-01-31,True
asos,2020-01,wool,0.0,14,2020-01-31,True
asos,2020-02,cashmere,0.0,36,2020-02-29,False
asos,2020-02,cotton,0.218882,36,2020-02-29,False
asos,2020-02,denim,0.059117,36,2020-02-29,False
asos,2020-02,elastane,0.06056,36,2020-02-29,False
asos,2020-02,leather,0.040123,36,2020-02-29,False
asos,2020-02,linen,0.0,36,2020-02-29,False
asos,2020-02,nylon,0.090004,36,2020-02-29,False
asos,2020-02,other,0.147194,36,2020-02-29,False
asos,2020-02,polyester,0.294778,36,2020-02-29,False
asos,2020-02,silk,0.0,36,2020-02-29,False
asos,2020-02,technical,0.027778,36,2020-02-29,False
asos,2020-02,viscose,0.058196,36,2020-02-29,False
asos,2020-02,wool,0.003367,36,2020-02-29,False
asos,2020-03,cashmere,0.0,37,2020-03-31,False
asos,2020-03,cotton,0.15545,37,2020-03-31,False
asos,2020-03,denim,0.140047,37,2020-03-31,False
asos,2020-03,elastane,0.013836,37,2020-03-31,False
asos,2020-03,leather,0.034976,37,2020-03-31,False
asos,2020-03,linen,0.0,37,2020-03-31,False
asos,2020-03,nylon,0.045738,37,2020-03-31,False
asos,2020-03,other,0.121169,37,2020-03-31,False
asos,2020-03,polyester,0.353378,37,2020-03-31,False
asos,2020-03,silk,0.0,37,2020-03-31,False
asos,2020-03,technical,0.027027,37,2020-03-31,False
asos,2020-03,viscose,0.105676,37,2020-03-31,False
asos,2020-03,wool,0.002703,37,2020-03-31,False
asos,2020-04,cashmere,0.0,35,2020-04-30,False
asos,2020-04,cotton,0.327497,35,2020-04-30,False
asos,2020-04,denim,0.035165,35,2020-04-30,False
asos,2020-04,elastane,0.032373,35,2020-04-30,False
asos,2020-04,leather,0.02381,35,2020-04-30,False
asos,2020-04,linen,0.0,35,2020-04-30,False
asos,2020-04,nylon,0.002857,35,2020-04-30,False
asos,2020-04,other,0.090476,35,2020-04-30,False
asos,2020-04,polyester,0.310702,35,2020-04-30,False
asos,2020-04,silk,0.0,35,2020-04-30,False
asos,2020-04,technical,0.0,35,2020-04-30,False
asos,2020-04,viscose,0.177121,35,2020-04-30,False
asos,2020-04,wool,0.0,35,2020-04-30,False
asos,2020-05,cashmere,0.0,38,2020-05-31,False
asos,2020-05,cotton,0.494962,38,2020-05-31,False
asos,2020-05,denim,0.0,38,2020-05-31,False
asos,2020-05,elastane,0.022519,38,2020-05-31,False
asos,2020-05,leather,0.094169,38,2020-05-31,False
asos,2020-05,linen,0.0,38,2020-05-31,False
asos,2020-05,nylon,0.0,38,2020-05-31,False
asos,2020-05,other,0.116357,38,2020-05-31,False
asos,2020-05,polyester,0.245677,38,2020-05-31,False
asos,2020-05,silk,0.0,38,2020-05-31,False
asos,2020-05,technical,0.026316,38,2020-05-31,False
asos,2020-05,viscose,0.0,38,2020-05-31,False
asos,2020-05,wool,0.0,38,2020-05-31,False
asos,2020-06,cashmere,0.0,36,2020-06-30,False
asos,2020-06,cotton,0.218399,36,2020-06-30,False
asos,2020-06,denim,0.0,36,2020-06-30,False
asos,2020-06,elastane,0.039934,36,2020-06-30,False
asos,2020-06,leather,0.069444,36,2020-06-30,False
asos,2020-06,linen,0.0,36,2020-06-30,False
asos,2020-06,nylon,0.042361,36,2020-06-30,False
asos,2020-06,other,0.097222,36,2020-06-30,False
asos,2020-06,polyester,0.396806,36,2020-06-30,False
asos,2020-06,silk,0.0,36,2020-06-30,False
asos,2020-06,technical,0.030556,36,2020-06-30,False
asos,2020-06,viscose,0.105278,36,2020-06-30,False
asos,2020-06,wool,0.0,36,2020-06-30,False
asos,2020-07,cashmere,0.0,15,2020-07-31,True
asos,2020-07,cotton,0.338,15,2020-07-31,True
asos,2020-07,denim,0.0,15,2020-07-31,True
asos,2020-07,elastane,0.066418,15,2020-07-31,True
asos,2020-07,leather,0.0,15,2020-07-31,True
asos,2020-07,linen,0.0,15,2020-07-31,True
asos,2020-07,nylon,0.022088,15,2020-07-31,True
asos,2020-07,other,0.146667,15,2020-07-31,True
asos,2020-07,polyester,0.393494,15,2020-07-31,True
asos,2020-07,silk,0.0,15,2020-07-31,True
asos,2020-07,technical,0.033333,15,2020-07-31,True
asos,2020-07,viscose,0.0,15,2020-07-31,True
asos,2020-07,wool,0.0,15,2020-07-31,True
asos,2020-08,cashmere,0.0,25,2020-08-31,True
asos,2020-08,cotton,0.4316,25,2020-08-31,True
asos,2020-08,denim,0.0,25,2020-08-31,True
asos,2020-08,elastane,0.014,25,2020-08-31,True
asos,2020-08,leather,0.0,25,2020-08-31,True
asos,2020-08,linen,0.0,25,2020-08-31,True
asos,2020-08,nylon,0.0624,25,2020-08-31,True
asos,2020-08,other,0.034,25,2020-08-31,True
asos,2020-08,polyester,0.4392,25,2020-08-31,True
asos,2020-08,silk,0.0,25,2020-08-31,True
asos,2020-08,technical,0.0,25,2020-08-31,True
asos,2020-08,viscose,0.0188,25,2020-08-31,True
asos,2020-08,wool,0.0,25,2020-08-31,True
asos,2020-09,cashmere,0.0,28,2020-09-30,True
asos,2020-09,cotton,0.19437,28,2020-09-30,True
asos,2020-09,denim,0.0,28,2020-09-30,True
asos,2020-09,elastane,0.023424,28,2020-09-30,True
asos,2020-09,leather,0.017857,28,2020-09-30,True
asos,2020-09,linen,0.0,28,2020-09-30,True
asos,2020-09,nylon,0.038929,28,2020-09-30,True
asos,2020-09,other,0.103929,28,2020-09-30,True
asos,2020-09,polyester,0.550063,28,2020-09-30,True
asos,2020-09,silk,0.0,28,2020-09-30,True
asos,2020-09,technical,0.071429,28,2020-09-30,True
asos,2020-09,viscose,0.0,28,2020-09-30,True
asos,2020-09,wool,0.0,28,2020-09-30,True
asos,2020-10,cashmere,0.0,35,2020-10-31,False
asos,2020-10,cotton,0.120143,35,2020-10-31,False
asos,2020-10,denim,0.231143,35,2020-10-31,False
asos,2020-10,elastane,0.017075,35,2020-10-31,False
asos,2020-10,leather,0.0,35,2020-10-31,False
asos,2020-10,linen,0.0,35,2020-10-31,False
asos,2020-10,nylon,0.062,35,2020-10-31,False
asos,2020-10,other,0.148,35,2020-10-31,False
asos,2020-10,polyester,0.264354,35,2020-10-31,False
asos,2020-10,silk,0.0,35,2020-10-31,False
asos,2020-10,technical,0.0,35,2020-10-31,False
asos,2020-10,viscose,0.157286,35,2020-10-31,False
asos,2020-10,wool,0.0,35,2020-10-31,False
asos,2020-11,cashmere,0.0,33,2020-11-30,False
asos,2020-11,cotton,0.192333,33,2020-11-30,False
asos,2020-11,denim,0.0,33,2020-11-30,False
asos,2020-11,elastane,0.020641,33,2020-11-30,False
asos,2020-11,leather,0.166667,33,2020-11-30,False
asos,2020-11,linen,0.0,33,2020-11-30,False
asos,2020-11,nylon,0.175814,33,2020-11-30,False
asos,2020-11,other,0.19697,33,2020-11-30,False
asos,2020-11,polyester,0.247576,33,2020-11-30,False
asos,2020-11,silk,0.0,33,2020-11-30,False
asos,2020-11,technical,0.0,33,2020-11-30,False
asos,2020-11,viscose,0.0,33,2020-11-30,False
asos,2020-11,wool,0.0,33,2020-11-30,False
asos,2020-12,cashmere,0.0,36,2020-12-31,False
asos,2020-12,cotton,0.226859,36,2020-12-31,False
asos,2020-12,denim,0.075,36,2020-12-31,False
asos,2020-12,elastane,0.016871,36,2020-12-31,False
asos,2020-12,leather,0.0,36,2020-12-31,False
asos,2020-12,linen,0.0,36,2020-12-31,False
asos,2020-12,nylon,0.022917,36,2020-12-31,False
asos,2020-12,other,0.055,36,2020-12-31,False
asos,2020-12,polyester,0.507239,36,2020-12-31,False
asos,2020-12,silk,0.0,36,2020-12-31,False
asos,2020-12,technical,0.023148,36,2020-12-31,False
asos,2020-12,viscose,0.072966,36,2020-12-31,False
asos,2020-12,wool,0.0,36,2020-12-31,False
asos,2021-01,cashmere,0.0,17,2021-01-31,True
asos,2021-01,cotton,0.371905,17,2021-01-31,True
asos,2021-01,denim,0.0,17,2021-01-31,True
asos,2021-01,elastane,0.013389,17,2021-01-31,True
asos,2021-01,leather,0.098039,17,2021-01-31,True
asos,2021-01,linen,0.0,17,2021-01-31,True
asos,2021-01,nylon,0.0,17,2021-01-31,True
asos,2021-01,other,0.266078,17,2021-01-31,True
asos,2021-01,polyester,0.218235,17,2021-01-31,True
asos,2021-01,silk,0.0,17,2021-01-31,True
asos,2021-01,technical,0.032353,17,2021-01-31,True
asos,2021-01,viscose,0.0,17,2021-01-31,True
asos,2021-01,wool,0.0,17,2021-01-31,True
asos,2021-02,cashmere,0.0,35,2021-02-28,False
asos,2021-02,cotton,0.233339,35,2021-02-28,False
asos,2021-02,denim,0.028571,35,2021-02-28,False
asos,2021-02,elastane,0.025366,35,2021-02-28,False
asos,2021-02,leather,0.028571,35,2021-02-28,False
asos,2021-02,linen,0.0,35,2021-02-28,False
asos,2021-02,nylon,0.103648,35,2021-02-28,False
asos,2021-02,other,0.035616,35,2021-02-28,False
asos,2021-02,polyester,0.427999,35,2021-02-28,False
asos,2021-02,silk,0.0,35,2021-02-28,False
asos,2021-02,technical,0.028571,35,2021-02-28,False
asos,2021-02,viscose,0.087339,35,2021-02-28,False
asos,2021-02,wool,0.000978,35,2021-02-28,False
asos,2021-03,cashmere,0.0,38,2021-03-31,False
asos,2021-03,cotton,0.218421,38,2021-03-31,False
asos,2021-03,denim,0.026053,38,2021-03-31,False
asos,2021-03,elastane,0.020533,38,2021-03-31,False
asos,2021-03,leather,0.035088,38,2021-03-31,False
asos,2021-03,linen,0.006053,38,2021-03-31,False
asos,2021-03,nylon,0.075132,38,2021-03-31,False
asos,2021-03,other,0.096754,38,2021-03-31,False
asos,2021-03,polyester,0.42802,38,2021-03-31,False
asos,2021-03,silk,0.0,38,2021-03-31,False
asos,2021-03,technical,0.026316,38,2021-03-31,False
asos,2021-03,viscose,0.060789,38,2021-03-31,False
asos,2021-03,wool,0.006842,38,2021-03-31,False
asos,2021-04,cashmere,0.0,31,2021-04-30,False
asos,2021-04,cotton,0.13871,31,2021-04-30,False
asos,2021-04,denim,0.0,31,2021-04-30,False
asos,2021-04,elastane,0.02132,31,2021-04-30,False
asos,2021-04,leather,0.12043,31,2021-04-30,False
asos,2021-04,linen,0.0,31,2021-04-30,False
asos,2021-04,nylon,0.026901,31,2021-04-30,False
asos,2021-04,other,0.265376,31,2021-04-30,False
asos,2021-04,polyester,0.366618,31,2021-04-30,False
asos,2021-04,silk,0.0,31,2021-04-30,False
asos,2021-04,technical,0.006452,31,2021-04-30,False
asos,2021-04,viscose,0.054194,31,2021-04-30,False
asos,2021-04,wool,0.0,31,2021-04-30,False
asos,2021-05,cashmere,0.0,37,2021-05-31,False
asos,2021-05,cotton,0.100113,37,2021-05-31,False
asos,2021-05,denim,0.080811,37,2021-05-31,False
asos,2021-05,elastane,0.019613,37,2021-05-31,False
asos,2021-05,leather,0.013514,37,2021-05-31,False
asos,2021-05,linen,0.006216,37,2021-05-31,False
asos,2021-05,nylon,0.012166,37,2021-05-31,False
asos,2021-05,other,0.023306,37,2021-05-31,False
asos,2021-05,polyester,0.60103,37,2021-05-31,False
asos,2021-05,silk,0.0,37,2021-05-31,False
asos,2021-05,technical,0.007432,37,2021-05-31,False
asos,2021-05,viscose,0.1358,37,2021-05-31,False
asos,2021-05,wool,0.0,37,2021-05-31,False
asos,2021-06,cashmere,0.0,34,2021-06-30,False
asos,2021-06,cotton,0.306497,34,2021-06-30,False
asos,2021-06,denim,0.029412,34,2021-06-30,False
asos,2021-06,elastane,0.032866,34,2021-06-30,False
asos,2021-06,leather,0.063725,34,2021-06-30,False
asos,2021-06,linen,0.0,34,2021-06-30,False
asos,2021-06,nylon,0.054219,34,2021-06-30,False
asos,2021-06,other,0.083333,34,2021-06-30,False
asos,2021-06,polyester,0.36181,34,2021-06-30,False
asos,2021-06,silk,0.0,34,2021-06-30,False
asos,2021-06,technical,0.009804,34,2021-06-30,False
asos,2021-06,viscose,0.058333,34,2021-06-30,False
asos,2021-06,wool,0.0,34,2021-06-30,False
asos,2021-07,cashmere,0.0,18,2021-07-31,True
asos,2021-07,cotton,0.061111,18,2021-07-31,True
asos,2021-07,denim,0.055556,18,2021-07-31,True
asos,2021-07,elastane,0.011667,18,2021-07-31,True
asos,2021-07,leather,0.101852,18,2021-07-31,True
asos,2021-07,linen,0.0,18,2021-07-31,True
asos,2021-07,nylon,0.012778,18,2021-07-31,True
asos,2021-07,other,0.175926,18,2021-07-31,True
asos,2021-07,polyester,0.392778,18,2021-07-31,True
asos,2021-07,silk,0.0,18,2021-07-31,True
asos,2021-07,technical,0.0,18,2021-07-31,True
asos,2021-07,viscose,0.188333,18,2021-07-31,True
asos,2021-07,wool,0.0,18,2021-07-31,True
asos,2021-08,cashmere,0.0,34,2021-08-31,False
asos,2021-08,cotton,0.187738,34,2021-08-31,False
asos,2021-08,denim,0.0,34,2021-08-31,False
asos,2021-08,elastane,0.017053,34,2021-08-31,False
asos,2021-08,leather,0.093137,34,2021-08-31,False
asos,2021-08,linen,0.0,34,2021-08-31,False
asos,2021-08,nylon,0.022909,34,2021-08-31,False
asos,2021-08,other,0.247899,34,2021-08-31,False
asos,2021-08,polyester,0.337828,34,2021-08-31,False
asos,2021-08,silk,0.0,34,2021-08-31,False
asos,2021-08,technical,0.051671,34,2021-08-31,False
asos,2021-08,viscose,0.041765,34,2021-08-31,False
asos,2021-08,wool,0.0,34,2021-08-31,False
asos,2021-09,cashmere,0.0,36,2021-09-30,False
asos,2021-09,cotton,0.103056,36,2021-09-30,False
asos,2021-09,denim,0.0,36,2021-09-30,False
asos,2021-09,elastane,0.002778,36,2021-09-30,False
asos,2021-09,leather,0.180556,36,2021-09-30,False
asos,2021-09,linen,0.0,36,2021-09-30,False
asos,2021-09,nylon,0.0,36,2021-09-30,False
asos,2021-09,other,0.343519,36,2021-09-30,False
asos,2021-09,polyester,0.341667,36,2021-09-30,False
asos,2021-09,silk,0.0,36,2021-09-30,False
asos,2021-09,technical,0.007593,36,2021-09-30,False
asos,2021-09,viscose,0.0125,36,2021-09-30,False
asos,2021-09,wool,0.008333,36,2021-09-30,False
asos,2021-10,cashmere,0.0,37,2021-10-31,False
asos,2021-10,cotton,0.169196,37,2021-10-31,False
asos,2021-10,denim,0.0,37,2021-10-31,False
asos,2021-10,elastane,0.027454,37,2021-10-31,False
asos,2021-10,leather,0.031532,37,2021-10-31,False
asos,2021-10,linen,0.007297,37,2021-10-31,False
asos,2021-10,nylon,0.181892,37,2021-10-31,False
asos,2021-10,other,0.093739,37,2021-10-31,False
asos,2021-10,polyester,0.343006,37,2021-10-31,False
asos,2021-10,silk,0.0,37,2021-10-31,False
asos,2021-10,technical,0.040541,37,2021-10-31,False
asos,2021-10,viscose,0.105344,37,2021-10-31,False
asos,2021-10,wool,0.0,37,2021-10-31,False
asos,2021-11,cashmere,0.0,38,2021-11-30,False
asos,2021-11,cotton,0.105,38,2021-11-30,False
asos,2021-11,denim,0.026316,38,2021-11-30,False
asos,2021-11,elastane,0.011787,38,2021-11-30,False
asos,2021-11,leather,0.039474,38,2021-11-30,False
asos,2021-11,linen,0.0,38,2021-11-30,False
asos,2021-11,nylon,0.011857,38,2021-11-30,False
asos,2021-11,other,0.088346,38,2021-11-30,False
asos,2021-11,polyester,0.595467,38,2021-11-30,False
asos,2021-11,silk,0.0,38,2021-11-30,False
asos,2021-11,technical,0.02193,38,2021-11-30,False
asos,2021-11,viscose,0.096667,38,2021-11-30,False
asos,2021-11,wool,0.003158,38,2021-11-30,False
asos,2021-12,cashmere,0.0,39,2021-12-31,False
asos,2021-12,cotton,0.287857,39,2021-12-31,False
asos,2021-12,denim,0.025641,39,2021-12-31,False
asos,2021-12,elastane,0.016527,39,2021-12-31,False
asos,2021-12,leather,0.034188,39,2021-12-31,False
asos,2021-12,linen,0.0,39,2021-12-31,False
asos,2021-12,nylon,0.028462,39,2021-12-31,False
asos,2021-12,other,0.157863,39,2021-12-31,False
asos,2021-12,polyester,0.347924,39,2021-12-31,False
asos,2021-12,silk,0.0,39,2021-12-31,False
asos,2021-12,technical,0.029915,39,2021-12-31,False
asos,2021-12,viscose,0.045983,39,2021-12-31,False
asos,2021-12,wool,0.025641,39,2021-12-31,False
asos,2022-01,cashmere,0.0,19,2022-01-31,True
asos,2022-01,cotton,0.254737,19,2022-01-31,True
asos,2022-01,denim,0.0,19,2022-01-31,True
asos,2022-01,elastane,0.001053,19,2022-01-31,True
asos,2022-01,leather,0.04386,19,2022-01-31,True
asos,2022-01,linen,0.0,19,2022-01-31,True
asos,2022-01,nylon,0.010526,19,2022-01-31,True
asos,2022-01,other,0.45614,19,2022-01-31,True
asos,2022-01,polyester,0.223158,19,2022-01-31,True
asos,2022-01,silk,0.0,19,2022-01-31,True
asos,2022-01,technical,0.0,19,2022-01-31,True
asos,2022-01,viscose,0.010526,19,2022-01-31,True
asos,2022-01,wool,0.0,19,2022-01-31,True
asos,2022-02,cashmere,0.0,37,2022-02-28,False
asos,2022-02,cotton,0.256054,37,2022-02-28,False
asos,2022-02,denim,0.027027,37,2022-02-28,False
asos,2022-02,elastane,0.009459,37,2022-02-28,False
asos,2022-02,leather,0.005829,37,2022-02-28,False
asos,2022-02,linen,0.0,37,2022-02-28,False
asos,2022-02,nylon,0.046757,37,2022-02-28,False
asos,2022-02,other,0.100436,37,2022-02-28,False
asos,2022-02,polyester,0.510572,37,2022-02-28,False
asos,2022-02,silk,0.0,37,2022-02-28,False
asos,2022-02,technical,0.014003,37,2022-02-28,False
asos,2022-02,viscose,0.029862,37,2022-02-28,False
asos,2022-02,wool,0.0,37,2022-02-28,False
asos,2022-03,cashmere,0.0,7,2022-03-31,True
asos,2022-03,cotton,0.0,7,2022-03-31,True
asos,2022-03,denim,0.0,7,2022-03-31,True
asos,2022-03,elastane,0.005714,7,2022-03-31,True
asos,2022-03,leather,0.095238,7,2022-03-31,True
asos,2022-03,linen,0.0,7,2022-03-31,True
asos,2022-03,nylon,0.071429,7,2022-03-31,True
asos,2022-03,other,0.190476,7,2022-03-31,True
asos,2022-03,polyester,0.528571,7,2022-03-31,True
asos,2022-03,silk,0.0,7,2022-03-31,True
asos,2022-03,technical,0.0,7,2022-03-31,True
asos,2022-03,viscose,0.108571,7,2022-03-31,True
asos,2022-03,wool,0.0,7,2022-03-31,True
asos,2022-04,cashmere,0.0,39,2022-04-30,False
asos,2022-04,cotton,0.191051,39,2022-04-30,False
asos,2022-04,denim,0.287906,39,2022-04-30,False
asos,2022-04,elastane,0.021037,39,2022-04-30,False
asos,2022-04,leather,0.02091,39,2022-04-30,False
asos,2022-04,linen,0.0,39,2022-04-30,False
asos,2022-04,nylon,0.020401,39,2022-04-30,False
asos,2022-04,other,0.067764,39,2022-04-30,False
asos,2022-04,polyester,0.323623,39,2022-04-30,False
asos,2022-04,silk,0.0,39,2022-04-30,False
asos,2022-04,technical,0.018115,39,2022-04-30,False
asos,2022-04,viscose,0.049193,39,2022-04-30,False
asos,2022-04,wool,0.0,39,2022-04-30,False
asos,2022-07,cashmere,0.0,19,2022-07-31,True
asos,2022-07,cotton,0.239474,19,2022-07-31,True
asos,2022-07,denim,0.0,19,2022-07-31,True
asos,2022-07,elastane,0.030526,19,2022-07-31,True
asos,2022-07,leather,0.078947,19,2022-07-31,True
asos,2022-07,linen,0.0,19,2022-07-31,True
asos,2022-07,nylon,0.037368,19,2022-07-31,True
asos,2022-07,other,0.165789,19,2022-07-31,True
asos,2022-07,polyester,0.379474,19,2022-07-31,True
asos,2022-07,silk,0.0,19,2022-07-31,True
asos,2022-07,technical,0.0,19,2022-07-31,True
asos,2022-07,viscose,0.052632,19,2022-07-31,True
asos,2022-07,wool,0.015789,19,2022-07-31,True
asos,2022-10,cashmere,0.0,38,2022-10-31,False
asos,2022-10,cotton,0.250188,38,2022-10-31,False
asos,2022-10,denim,0.052632,38,2022-10-31,False
asos,2022-10,elastane,0.030249,38,2022-10-31,False
asos,2022-10,leather,0.013158,38,2022-10-31,False
asos,2022-10,linen,0.0,38,2022-10-31,False
asos,2022-10,nylon,0.0,38,2022-10-31,False
asos,2022-10,other,0.063947,38,2022-10-31,False
asos,2022-10,polyester,0.474826,38,2022-10-31,False
asos,2022-10,silk,0.0,38,2022-10-31,False
asos,2022-10,technical,0.064474,38,2022-10-31,False
asos,2022-10,viscose,0.050526,38,2022-10-31,False
asos,2022-10,wool,0.0,38,2022-10-31,False
asos,2022-11,cashmere,0.0,40,2022-11-30,False
asos,2022-11,cotton,0.172143,40,2022-11-30,False
asos,2022-11,denim,0.0,40,2022-11-30,False
asos,2022-11,elastane,0.027404,40,2022-11-30,False
asos,2022-11,leather,0.0125,40,2022-11-30,False
asos,2022-11,linen,0.01375,40,2022-11-30,False
asos,2022-11,nylon,0.042954,40,2022-11-30,False
asos,2022-11,other,0.0605,40,2022-11-30,False
asos,2022-11,polyester,0.560417,40,2022-11-30,False
asos,2022-11,silk,0.0,40,2022-11-30,False
asos,2022-11,technical,0.082083,40,2022-11-30,False
asos,2022-11,viscose,0.02825,40,2022-11-30,False
asos,2022-11,wool,0.0,40,2022-11-30,False
asos,2022-12,cashmere,0.0,39,2022-12-31,False
asos,2022-12,cotton,0.186723,39,2022-12-31,False
asos,2022-12,denim,0.0,39,2022-12-31,False
asos,2022-12,elastane,0.036255,39,2022-12-31,False
asos,2022-12,leather,0.102564,39,2022-12-31,False
asos,2022-12,linen,0.0,39,2022-12-31,False
asos,2022-12,nylon,0.035439,39,2022-12-31,False
asos,2022-12,other,0.153846,39,2022-12-31,False
asos,2022-12,polyester,0.449275,39,2022-12-31,False
asos,2022-12,silk,0.0,39,2022-12-31,False
asos,2022-12,technical,0.0,39,2022-12-31,False
asos,2022-12,viscose,0.035897,39,2022-12-31,False
asos,2022-12,wool,0.0,39,2022-12-31,False
asos,2023-01,cashmere,0.0,17,2023-01-31,True
asos,2023-01,cotton,0.035294,17,2023-01-31,True
asos,2023-01,denim,0.114706,17,2023-01-31,True
asos,2023-01,elastane,0.011146,17,2023-01-31,True
asos,2023-01,leather,0.0,17,2023-01-31,True
asos,2023-01,linen,0.0,17,2023-01-31,True
asos,2023-01,nylon,0.054334,17,2023-01-31,True
asos,2023-01,other,0.294118,17,2023-01-31,True
asos,2023-01,polyester,0.40805,17,2023-01-31,True
asos,2023-01,silk,0.0,17,2023-01-31,True
asos,2023-01,technical,0.0,17,2023-01-31,True
asos,2023-01,viscose,0.082353,17,2023-01-31,True
asos,2023-01,wool,0.0,17,2023-01-31,True
asos,2023-02,cashmere,0.0,35,2023-02-28,False
asos,2023-02,cotton,0.149131,35,2023-02-28,False
asos,2023-02,denim,0.0,35,2023-02-28,False
asos,2023-02,elastane,0.027438,35,2023-02-28,False
asos,2023-02,leather,0.085457,35,2023-02-28,False
asos,2023-02,linen,0.0,35,2023-02-28,False
asos,2023-02,nylon,0.092155,35,2023-02-28,False
asos,2023-02,other,0.103583,35,2023-02-28,False
asos,2023-02,polyester,0.434443,35,2023-02-28,False
asos,2023-02,silk,0.0,35,2023-02-28,False
asos,2023-02,technical,0.049507,35,2023-02-28,False
asos,2023-02,viscose,0.058286,35,2023-02-28,False
asos,2023-02,wool,0.0,35,2023-02-28,False
asos,2023-03,cashmere,0.0,39,2023-03-31,False
asos,2023-03,cotton,0.229805,39,2023-03-31,False
asos,2023-03,denim,0.067949,39,2023-03-31,False
asos,2023-03,elastane,0.013724,39,2023-03-31,False
asos,2023-03,leather,0.060897,39,2023-03-31,False
asos,2023-03,linen,0.0,39,2023-03-31,False
asos,2023-03,nylon,0.024359,39,2023-03-31,False
asos,2023-03,other,0.074368,39,2023-03-31,False
asos,2023-03,polyester,0.435308,39,2023-03-31,False
asos,2023-03,silk,0.0,39,2023-03-31,False
asos,2023-03,technical,0.041026,39,2023-03-31,False
asos,2023-03,viscose,0.052564,39,2023-03-31,False
asos,2023-03,wool,0.0,39,2023-03-31,False
asos,2023-04,cashmere,0.0,36,2023-04-30,False
asos,2023-04,cotton,0.203003,36,2023-04-30,False
asos,2023-04,denim,0.027222,36,2023-04-30,False
asos,2023-04,elastane,0.009656,36,2023-04-30,False
asos,2023-04,leather,0.027778,36,2023-04-30,False
asos,2023-04,linen,0.007361,36,2023-04-30,False
asos,2023-04,nylon,0.024444,36,2023-04-30,False
asos,2023-04,other,0.141389,36,2023-04-30,False
asos,2023-04,polyester,0.468729,36,2023-04-30,False
asos,2023-04,silk,0.0,36,2023-04-30,False
asos,2023-04,technical,0.013889,36,2023-04-30,False
asos,2023-04,viscose,0.074306,36,2023-04-30,False
asos,2023-04,wool,0.002222,36,2023-04-30,False
asos,2023-05,cashmere,0.0,34,2023-05-31,False
asos,2023-05,cotton,0.168824,34,2023-05-31,False
asos,2023-05,denim,0.058824,34,2023-05-31,False
asos,2023-05,elastane,0.009118,34,2023-05-31,False
asos,2023-05,leather,0.053922,34,2023-05-31,False
asos,2023-05,linen,0.0,34,2023-05-31,False
asos,2023-05,nylon,0.0,34,2023-05-31,False
asos,2023-05,other,0.343137,34,2023-05-31,False
asos,2023-05,polyester,0.316471,34,2023-05-31,False
asos,2023-05,silk,0.0,34,2023-05-31,False
asos,2023-05,technical,0.044118,34,2023-05-31,False
asos,2023-05,viscose,0.005588,34,2023-05-31,False
asos,2023-05,wool,0.0,34,2023-05-31,False
asos,2023-07,cashmere,0.0,19,2023-07-31,True
asos,2023-07,cotton,0.243158,19,2023-07-31,True
asos,2023-07,denim,0.0,19,2023-07-31,True
asos,2023-07,elastane,0.0,19,2023-07-31,True
asos,2023-07,leather,0.122807,19,2023-07-31,True
asos,2023-07,linen,0.0,19,2023-07-31,True
asos,2023-07,nylon,0.0,19,2023-07-31,True
asos,2023-07,other,0.47614,19,2023-07-31,True
asos,2023-07,polyester,0.157895,19,2023-07-31,True
asos,2023-07,silk,0.0,19,2023-07-31,True
asos,2023-07,technical,0.0,19,2023-07-31,True
asos,2023-07,viscose,0.0,19,2023-07-31,True
asos,2023-07,wool,0.0,19,2023-07-31,True
asos,2024-01,cashmere,0.0,17,2024-01-31,True
asos,2024-01,cotton,0.080439,17,2024-01-31,True
asos,2024-01,denim,0.0,17,2024-01-31,True
asos,2024-01,elastane,0.0,17,2024-01-31,True
asos,2024-01,leather,0.115385,17,2024-01-31,True
asos,2024-01,linen,0.0,17,2024-01-31,True
asos,2024-01,nylon,0.008824,17,2024-01-31,True
asos,2024-01,other,0.531674,17,2024-01-31,True
asos,2024-01,polyester,0.203091,17,2024-01-31,True
asos,2024-01,silk,0.0,17,2024-01-31,True
asos,2024-01,technical,0.029412,17,2024-01-31,True
asos,2024-01,viscose,0.031176,17,2024-01-31,True
asos,2024-01,wool,0.0,17,2024-01-31,True
asos,2024-07,cashmere,0.0,18,2024-07-31,True
asos,2024-07,cotton,0.143333,18,2024-07-31,True
asos,2024-07,denim,0.0,18,2024-07-31,True
asos,2024-07,elastane,0.005556,18,2024-07-31,True
asos,2024-07,leather,0.111111,18,2024-07-31,True
asos,2024-07,linen,0.0,18,2024-07-31,True
asos,2024-07,nylon,0.111667,18,2024-07-31,True
asos,2024-07,other,0.555556,18,2024-07-31,True
asos,2024-07,polyester,0.072778,18,2024-07-31,True
asos,2024-07,silk,0.0,18,2024-07-31,True
asos,2024-07,technical,0.0,18,2024-07-31,True
asos,2024-07,viscose,0.0,18,2024-07-31,True
asos,2024-07,wool,0.0,18,2024-07-31,True
asos,2025-01,cashmere,0.0,19,2025-01-31,True
asos,2025-01,cotton,0.052632,19,2025-01-31,True
asos,2025-01,denim,0.0,19,2025-01-31,True
asos,2025-01,elastane,0.003684,19,2025-01-31,True
asos,2025-01,leather,0.236842,19,2025-01-31,True
asos,2025-01,linen,0.0,19,2025-01-31,True
asos,2025-01,nylon,0.052632,19,2025-01-31,True
asos,2025-01,other,0.394737,19,2025-01-31,True
asos,2025-01,polyester,0.243684,19,2025-01-31,True
asos,2025-01,silk,0.0,19,2025-01-31,True
asos,2025-01,technical,0.0,19,2025-01-31,True
asos,2025-01,viscose,0.015789,19,2025-01-31,True
asos,2025-01,wool,0.0,19,2025-01-31,True
asos,2025-07,cashmere,0.0,19,2025-07-31,True
asos,2025-07,cotton,0.094737,19,2025-07-31,True
asos,2025-07,denim,0.052632,19,2025-07-31,True
asos,2025-07,elastane,0.01,19,2025-07-31,True
asos,2025-07,leather,0.263158,19,2025-07-31,True
asos,2025-07,linen,0.0,19,2025-07-31,True
asos,2025-07,nylon,0.048947,19,2025-07-31,True
asos,2025-07,other,0.368421,19,2025-07-31,True
asos,2025-07,polyester,0.162105,19,2025-07-31,True
asos,2025-07,silk,0.0,19,2025-07-31,True
asos,2025-07,technical,0.0,19,2025-07-31,True
asos,2025-07,viscose,0.0,19,2025-07-31,True
asos,2025-07,wool,0.0,19,2025-07-31,True
hm,2016-01,cashmere,0.0,28,2016-01-31,True
hm,2016-01,cotton,0.460357,28,2016-01-31,True
hm,2016-01,denim,0.0,28,2016-01-31,True
hm,2016-01,elastane,0.006786,28,2016-01-31,True
hm,2016-01,leather,0.035714,28,2016-01-31,True
hm,2016-01,linen,0.0,28,2016-01-31,True
hm,2016-01,nylon,0.016964,28,2016-01-31,True
hm,2016-01,other,0.125,28,2016-01-31,True
hm,2016-01,polyester,0.182857,28,2016-01-31,True
hm,2016-01,silk,0.0,28,2016-01-31,True
hm,2016-01,technical,0.061607,28,2016-01-31,True
hm,2016-01,viscose,0.107143,28,2016-01-31,True
hm,2016-01,wool,0.003571,28,2016-01-31,True
hm,2016-02,cashmere,0.0,26,2016-02-29,True
hm,2016-02,cotton,0.328462,26,2016-02-29,True
hm,2016-02,denim,0.0,26,2016-02-29,True
hm,2016-02,elastane,0.013077,26,2016-02-29,True
hm,2016-02,leather,0.038462,26,2016-02-29,True
hm,2016-02,linen,0.0,26,2016-02-29,True
hm,2016-02,nylon,0.040385,26,2016-02-29,True
hm,2016-02,other,0.09,26,2016-02-29,True
hm,2016-02,polyester,0.198654,26,2016-02-29,True
hm,2016-02,silk,0.0,26,2016-02-29,True
hm,2016-02,technical,0.115385,26,2016-02-29,True
hm,2016-02,viscose,0.175577,26,2016-02-29,True
hm,2016-02,wool,0.0,26,2016-02-29,True
hm,2016-03,cashmere,0.0,25,2016-03-31,True
hm,2016-03,cotton,0.4706,25,2016-03-31,True
hm,2016-03,denim,0.0,25,2016-03-31,True
hm,2016-03,elastane,0.062,25,2016-03-31,True
hm,2016-03,leather,0.0,25,2016-03-31,True
hm,2016-03,linen,0.0,25,2016-03-31,True
hm,2016-03,nylon,0.0284,25,2016-03-31,True
hm,2016-03,other,0.0432,25,2016-03-31,True
hm,2016-03,polyester,0.354,25,2016-03-31,True
hm,2016-03,silk,0.0,25,2016-03-31,True
hm,2016-03,technical,0.0,25,2016-03-31,True
hm,2016-03,viscose,0.0418,25,2016-03-31,True
hm,2016-03,wool,0.0,25,2016-03-31,True
hm,2016-04,cashmere,0.0,27,2016-04-30,True
hm,2016-04,cotton,0.617037,27,2016-04-30,True
hm,2016-04,denim,0.0,27,2016-04-30,True
hm,2016-04,elastane,0.028519,27,2016-04-30,True
hm,2016-04,leather,0.0,27,2016-04-30,True
hm,2016-04,linen,0.0,27,2016-04-30,True
hm,2016-04,nylon,0.0,27,2016-04-30,True
hm,2016-04,other,0.074074,27,2016-04-30,True
hm,2016-04,polyester,0.244815,27,2016-04-30,True
hm,2016-04,silk,0.0,27,2016-04-30,True
hm,2016-04,technical,0.0,27,2016-04-30,True
hm,2016-04,viscose,0.035556,27,2016-04-30,True
hm,2016-04,wool,0.0,27,2016-04-30,True
hm,2016-05,cashmere,0.0,22,2016-05-31,True
hm,2016-05,cotton,0.471591,22,2016-05-31,True
hm,2016-05,denim,0.0,22,2016-05-31,True
hm,2016-05,elastane,0.008636,22,2016-05-31,True
hm,2016-05,leather,0.0,22,2016-05-31,True
hm,2016-05,linen,0.045455,22,2016-05-31,True
hm,2016-05,nylon,0.016136,22,2016-05-31,True
hm,2016-05,other,0.045455,22,2016-05-31,True
hm,2016-05,polyester,0.140682,22,2016-05-31,True
hm,2016-05,silk,0.0,22,2016-05-31,True
hm,2016-05,technical,0.090909,22,2016-05-31,True
hm,2016-05,viscose,0.181136,22,2016-05-31,True
hm,2016-05,wool,0.0,22,2016-05-31,True
hm,2016-06,cashmere,0.0,17,2016-06-30,True
hm,2016-06,cotton,0.617353,17,2016-06-30,True
hm,2016-06,denim,0.0,17,2016-06-30,True
hm,2016-06,elastane,0.027353,17,2016-06-30,True
hm,2016-06,leather,0.0,17,2016-06-30,True
hm,2016-06,linen,0.0,17,2016-06-30,True
hm,2016-06,nylon,0.0,17,2016-06-30,True
hm,2016-06,other,0.176471,17,2016-06-30,True
hm,2016-06,polyester,0.12,17,2016-06-30,True
hm,2016-06,silk,0.0,17,2016-06-30,True
hm,2016-06,technical,0.0,17,2016-06-30,True
hm,2016-06,viscose,0.058824,17,2016-06-30,True
hm,2016-06,wool,0.0,17,2016-06-30,True
hm,2016-07,cashmere,0.0,35,2016-07-31,False
hm,2016-07,cotton,0.585714,35,2016-07-31,False
hm,2016-07,denim,0.049714,35,2016-07-31,False
hm,2016-07,elastane,0.033143,35,2016-07-31,False
hm,2016-07,leather,0.0,35,2016-07-31,False
hm,2016-07,linen,0.0,35,2016-07-31,False
hm,2016-07,nylon,0.0,35,2016-07-31,False
hm,2016-07,other,0.022,35,2016-07-31,False
hm,2016-07,polyester,0.121143,35,2016-07-31,False
hm,2016-07,silk,0.0,35,2016-07-31,False
hm,2016-07,technical,0.028571,35,2016-07-31,False
hm,2016-07,viscose,0.102571,35,2016-07-31,False
hm,2016-07,wool,0.057143,35,2016-07-31,False
hm,2016-08,cashmere,0.0,35,2016-08-31,False
hm,2016-08,cotton,0.574286,35,2016-08-31,False
hm,2016-08,denim,0.169,35,2016-08-31,False
hm,2016-08,elastane,0.030571,35,2016-08-31,False
hm,2016-08,leather,0.0,35,2016-08-31,False
hm,2016-08,linen,0.0,35,2016-08-31,False
hm,2016-08,nylon,0.072857,35,2016-08-31,False
hm,2016-08,other,0.057143,35,2016-08-31,False
hm,2016-08,polyester,0.094714,35,2016-08-31,False
hm,2016-08,silk,0.0,35,2016-08-31,False
hm,2016-08,technical,0.0,35,2016-08-31,False
hm,2016-08,viscose,0.001429,35,2016-08-31,False
hm,2016-08,wool,0.0,35,2016-08-31,False
hm,2016-09,cashmere,0.0,9,2016-09-30,True
hm,2016-09,cotton,0.389444,9,2016-09-30,True
hm,2016-09,denim,0.0,9,2016-09-30,True
hm,2016-09,elastane,0.037778,9,2016-09-30,True
hm,2016-09,leather,0.0,9,2016-09-30,True
hm,2016-09,linen,0.0,9,2016-09-30,True
hm,2016-09,nylon,0.065,9,2016-09-30,True
hm,2016-09,other,0.06,9,2016-09-30,True
hm,2016-09,polyester,0.381111,9,2016-09-30,True
hm,2016-09,silk,0.0,9,2016-09-30,True
hm,2016-09,technical,0.0,9,2016-09-30,True
hm,2016-09,viscose,0.066667,9,2016-09-30,True
hm,2016-09,wool,0.0,9,2016-09-30,True
hm,2016-10,cashmere,0.0,12,2016-10-31,True
hm,2016-10,cotton,0.449583,12,2016-10-31,True
hm,2016-10,denim,0.164167,12,2016-10-31,True
hm,2016-10,elastane,0.017083,12,2016-10-31,True
hm,2016-10,leather,0.0,12,2016-10-31,True
hm,2016-10,linen,0.083333,12,2016-10-31,True
hm,2016-10,nylon,0.0,12,2016-10-31,True
hm,2016-10,other,0.083333,12,2016-10-31,True
hm,2016-10,polyester,0.115,12,2016-10-31,True
hm,2016-10,silk,0.0,12,2016-10-31,True
hm,2016-10,technical,0.083333,12,2016-10-31,True
hm,2016-10,viscose,0.004167,12,2016-10-31,True
hm,2016-10,wool,0.0,12,2016-10-31,True
hm,2016-11,cashmere,0.0,35,2016-11-30,False
hm,2016-11,cotton,0.395857,35,2016-11-30,False
hm,2016-11,denim,0.207,35,2016-11-30,False
hm,2016-11,elastane,0.020429,35,2016-11-30,False
hm,2016-11,leather,0.0,35,2016-11-30,False
hm,2016-11,linen,0.0,35,2016-11-30,False
hm,2016-11,nylon,0.015857,35,2016-11-30,False
hm,2016-11,other,0.079857,35,2016-11-30,False
hm,2016-11,polyester,0.185714,35,2016-11-30,False
hm,2016-11,silk,0.0,35,2016-11-30,False
hm,2016-11,technical,0.041429,35,2016-11-30,False
hm,2016-11,viscose,0.039571,35,2016-11-30,False
hm,2016-11,wool,0.014286,35,2016-11-30,False
hm,2016-12,cashmere,0.0,32,2016-12-31,False
hm,2016-12,cotton,0.382812,32,2016-12-31,False
hm,2016-12,denim,0.271719,32,2016-12-31,False
hm,2016-12,elastane,0.029531,32,2016-12-31,False
hm,2016-12,leather,0.03125,32,2016-12-31,False
hm,2016-12,linen,0.0,32,2016-12-31,False
hm,2016-12,nylon,0.06375,32,2016-12-31,False
hm,2016-12,other,0.05,32,2016-12-31,False
hm,2016-12,polyester,0.111563,32,2016-12-31,False
hm,2016-12,silk,0.0,32,2016-12-31,False
hm,2016-12,technical,0.0,32,2016-12-31,False
hm,2016-12,viscose,0.054688,32,2016-12-31,False
hm,2016-12,wool,0.004688,32,2016-12-31,False
hm,2017-01,cashmere,0.0,30,2017-01-31,False
hm,2017-01,cotton,0.622667,30,2017-01-31,False
hm,2017-01,denim,0.0,30,2017-01-31,False
hm,2017-01,elastane,0.019667,30,2017-01-31,False
hm,2017-01,leather,0.033333,30,2017-01-31,False
hm,2017-01,linen,0.0,30,2017-01-31,False
hm,2017-01,nylon,0.059333,30,2017-01-31,False
hm,2017-01,other,0.033333,30,2017-01-31,False
hm,2017-01,polyester,0.060667,30,2017-01-31,False
hm,2017-01,silk,0.0,30,2017-01-31,False
hm,2017-01,technical,0.166667,30,2017-01-31,False
hm,2017-01,viscose,0.004333,30,2017-01-31,False
hm,2017-01,wool,0.0,30,2017-01-31,False
hm,2017-02,cashmere,0.0,24,2017-02-28,True
hm,2017-02,cotton,0.249167,24,2017-02-28,True
hm,2017-02,denim,0.12,24,2017-02-28,True
hm,2017-02,elastane,0.0075,24,2017-02-28,True
hm,2017-02,leather,0.083333,24,2017-02-28,True
hm,2017-02,linen,0.0,24,2017-02-28,True
hm,2017-02,nylon,0.0,24,2017-02-28,True
hm,2017-02,other,0.041667,24,2017-02-28,True
hm,2017-02,polyester,0.30375,24,2017-02-28,True
hm,2017-02,silk,0.0,24,2017-02-28,True
hm,2017-02,technical,0.083333,24,2017-02-28,True
hm,2017-02,viscose,0.11125,24,2017-02-28,True
hm,2017-02,wool,0.0,24,2017-02-28,True
hm,2018-06,cashmere,0.0,36,2018-06-30,False
hm,2018-06,cotton,0.537693,36,2018-06-30,False
hm,2018-06,denim,0.05,36,2018-06-30,False
hm,2018-06,elastane,0.011181,36,2018-06-30,False
hm,2018-06,leather,0.037037,36,2018-06-30,False
hm,2018-06,linen,0.083333,36,2018-06-30,False
hm,2018-06,nylon,0.020503,36,2018-06-30,False
hm,2018-06,other,0.027778,36,2018-06-30,False
hm,2018-06,polyester,0.118957,36,2018-06-30,False
hm,2018-06,silk,0.0,36,2018-06-30,False
hm,2018-06,technical,0.009259,36,2018-06-30,False
hm,2018-06,viscose,0.102315,36,2018-06-30,False
hm,2018-06,wool,0.001944,36,2018-06-30,False
hm,2018-07,cashmere,0.0,18,2018-07-31,True
hm,2018-07,cotton,0.288704,18,2018-07-31,True
hm,2018-07,denim,0.0,18,2018-07-31,True
hm,2018-07,elastane,0.026111,18,2018-07-31,True
hm,2018-07,leather,0.0,18,2018-07-31,True
hm,2018-07,linen,0.305556,18,2018-07-31,True
hm,2018-07,nylon,0.105556,18,2018-07-31,True
hm,2018-07,other,0.046296,18,2018-07-31,True
hm,2018-07,polyester,0.181482,18,2018-07-31,True
hm,2018-07,silk,0.0,18,2018-07-31,True
hm,2018-07,technical,0.018518,18,2018-07-31,True
hm,2018-07,viscose,0.027778,18,2018-07-31,True
hm,2018-07,wool,0.0,18,2018-07-31,True
hm,2018-08,cashmere,0.0,40,2018-08-31,False
hm,2018-08,cotton,0.525309,40,2018-08-31,False
hm,2018-08,denim,0.07351,40,2018-08-31,False
hm,2018-08,elastane,0.04482,40,2018-08-31,False
hm,2018-08,leather,0.008333,40,2018-08-31,False
hm,2018-08,linen,0.0,40,2018-08-31,False
hm,2018-08,nylon,0.141661,40,2018-08-31,False
hm,2018-08,other,0.020833,40,2018-08-31,False
hm,2018-08,polyester,0.141134,40,2018-08-31,False
hm,2018-08,silk,0.0,40,2018-08-31,False
hm,2018-08,technical,0.0,40,2018-08-31,False
hm,2018-08,viscose,0.0444,40,2018-08-31,False
hm,2018-08,wool,0.0,40,2018-08-31,False
hm,2018-09,cashmere,0.0,30,2018-09-30,False
hm,2018-09,cotton,0.425197,30,2018-09-30,False
hm,2018-09,denim,0.0,30,2018-09-30,False
hm,2018-09,elastane,0.041469,30,2018-09-30,False
hm,2018-09,leather,0.016667,30,2018-09-30,False
hm,2018-09,linen,0.133333,30,2018-09-30,False
hm,2018-09,nylon,0.126333,30,2018-09-30,False
hm,2018-09,other,0.041667,30,2018-09-30,False
hm,2018-09,polyester,0.189843,30,2018-09-30,False
hm,2018-09,silk,0.0,30,2018-09-30,False
hm,2018-09,technical,0.016667,30,2018-09-30,False
hm,2018-09,viscose,0.005882,30,2018-09-30,False
hm,2018-09,wool,0.002941,30,2018-09-30,False
hm,2018-10,cashmere,0.0,34,2018-10-31,False
hm,2018-10,cotton,0.196122,34,2018-10-31,False
hm,2018-10,denim,0.058529,34,2018-10-31,False
hm,2018-10,elastane,0.017786,34,2018-10-31,False
hm,2018-10,leather,0.026471,34,2018-10-31,False
hm,2018-10,linen,0.0,34,2018-10-31,False
hm,2018-10,nylon,0.053914,34,2018-10-31,False
hm,2018-10,other,0.055882,34,2018-10-31,False
hm,2018-10,polyester,0.406064,34,2018-10-31,False
hm,2018-10,silk,0.0,34,2018-10-31,False
hm,2018-10,technical,0.039216,34,2018-10-31,False
hm,2018-10,viscose,0.104089,34,2018-10-31,False
hm,2018-10,wool,0.041927,34,2018-10-31,False
hm,2018-11,cashmere,0.0,33,2018-11-30,False
hm,2018-11,cotton,0.121515,33,2018-11-30,False
hm,2018-11,denim,0.029697,33,2018-11-30,False
hm,2018-11,elastane,0.005263,33,2018-11-30,False
hm,2018-11,leather,0.040404,33,2018-11-30,False
hm,2018-11,linen,0.030303,33,2018-11-30,False
hm,2018-11,nylon,0.062616,33,2018-11-30,False
hm,2018-11,other,0.102626,33,2018-11-30,False
hm,2018-11,polyester,0.272371,33,2018-11-30,False
hm,2018-11,silk,0.0,33,2018-11-30,False
hm,2018-11,technical,0.015152,33,2018-11-30,False
hm,2018-11,viscose,0.267023,33,2018-11-30,False
hm,2018-11,wool,0.05303,33,2018-11-30,False
hm,2018-12,cashmere,0.0,38,2018-12-31,False
hm,2018-12,cotton,0.130263,38,2018-12-31,False
hm,2018-12,denim,0.026316,38,2018-12-31,False
hm,2018-12,elastane,0.01297,38,2018-12-31,False
hm,2018-12,leather,0.035088,38,2018-12-31,False
hm,2018-12,linen,0.0,38,2018-12-31,False
hm,2018-12,nylon,0.055666,38,2018-12-31,False
hm,2018-12,other,0.148567,38,2018-12-31,False
hm,2018-12,polyester,0.336525,38,2018-12-31,False
hm,2018-12,silk,0.0,38,2018-12-31,False
hm,2018-12,technical,0.013158,38,2018-12-31,False
hm,2018-12,viscose,0.194737,38,2018-12-31,False
hm,2018-12,wool,0.046711,38,2018-12-31,False
hm,2019-01,cashmere,0.0,6,2019-01-31,True
hm,2019-01,cotton,0.213889,6,2019-01-31,True
hm,2019-01,denim,0.56568,6,2019-01-31,True
hm,2019-01,elastane,0.01533,6,2019-01-31,True
hm,2019-01,leather,0.055556,6,2019-01-31,True
hm,2019-01,linen,0.0,6,2019-01-31,True
hm,2019-01,nylon,0.0,6,2019-01-31,True
hm,2019-01,other,0.055556,6,2019-01-31,True
hm,2019-01,polyester,0.09399,6,2019-01-31,True
hm,2019-01,silk,0.0,6,2019-01-31,True
hm,2019-01,technical,0.0,6,2019-01-31,True
hm,2019-01,viscose,0.0,6,2019-01-31,True
hm,2019-01,wool,0.0,6,2019-01-31,True
hm,2019-02,cashmere,0.0,28,2019-02-28,True
hm,2019-02,cotton,0.380519,28,2019-02-28,True
hm,2019-02,denim,0.056071,28,2019-02-28,True
hm,2019-02,elastane,0.043604,28,2019-02-28,True
hm,2019-02,leather,0.065476,28,2019-02-28,True
hm,2019-02,linen,0.0,28,2019-02-28,True
hm,2019-02,nylon,0.060162,28,2019-02-28,True
hm,2019-02,other,0.055212,28,2019-02-28,True
hm,2019-02,polyester,0.261098,28,2019-02-28,True
hm,2019-02,silk,0.0,28,2019-02-28,True
hm,2019-02,technical,0.053571,28,2019-02-28,True
hm,2019-02,viscose,0.024286,28,2019-02-28,True
hm,2019-02,wool,0.0,28,2019-02-28,True
hm,2019-03,cashmere,0.0,36,2019-03-31,False
hm,2019-03,cotton,0.19722,36,2019-03-31,False
hm,2019-03,denim,0.117222,36,2019-03-31,False
hm,2019-03,elastane,0.009628,36,2019-03-31,False
hm,2019-03,leather,0.041667,36,2019-03-31,False
hm,2019-03,linen,0.0,36,2019-03-31,False
hm,2019-03,nylon,0.019864,36,2019-03-31,False
hm,2019-03,other,0.074074,36,2019-03-31,False
hm,2019-03,polyester,0.290232,36,2019-03-31,False
hm,2019-03,silk,0.0,36,2019-03-31,False
hm,2019-03,technical,0.078704,36,2019-03-31,False
hm,2019-03,viscose,0.171389,36,2019-03-31,False
hm,2019-03,wool,0.0,36,2019-03-31,False
hm,2019-04,cashmere,0.000517,29,2019-04-30,True
hm,2019-04,cotton,0.215172,29,2019-04-30,True
hm,2019-04,denim,0.079655,29,2019-04-30,True
hm,2019-04,elastane,0.005509,29,2019-04-30,True
hm,2019-04,leather,0.017241,29,2019-04-30,True
hm,2019-04,linen,0.103448,29,2019-04-30,True
hm,2019-04,nylon,0.022935,29,2019-04-30,True
hm,2019-04,other,0.097931,29,2019-04-30,True
hm,2019-04,polyester,0.299487,29,2019-04-30,True
hm,2019-04,silk,0.004138,29,2019-04-30,True
hm,2019-04,technical,0.017241,29,2019-04-30,True
hm,2019-04,viscose,0.133793,29,2019-04-30,True
hm,2019-04,wool,0.002931,29,2019-04-30,True
hm,2019-05,cashmere,0.0,40,2019-05-31,False
hm,2019-05,cotton,0.180333,40,2019-05-31,False
hm,2019-05,denim,0.059917,40,2019-05-31,False
hm,2019-05,elastane,0.022625,40,2019-05-31,False
hm,2019-05,leather,0.022917,40,2019-05-31,False
hm,2019-05,linen,0.025,40,2019-05-31,False
hm,2019-05,nylon,0.098,40,2019-05-31,False
hm,2019-05,other,0.107917,40,2019-05-31,False
hm,2019-05,polyester,0.255917,40,2019-05-31,False
hm,2019-05,silk,0.0,40,2019-05-31,False
hm,2019-05,technical,0.025,40,2019-05-31,False
hm,2019-05,viscose,0.202375,40,2019-05-31,False
hm,2019-05,wool,0.0,40,2019-05-31,False
hm,2019-06,cashmere,0.0,35,2019-06-30,False
hm,2019-06,cotton,0.234,35,2019-06-30,False
hm,2019-06,denim,0.042571,35,2019-06-30,False
hm,2019-06,elastane,0.006,35,2019-06-30,False
hm,2019-06,leather,0.014286,35,2019-06-30,False
hm,2019-06,linen,0.051143,35,2019-06-30,False
hm,2019-06,nylon,0.007714,35,2019-06-30,False
hm,2019-06,other,0.157524,35,2019-06-30,False
hm,2019-06,polyester,0.232571,35,2019-06-30,False
hm,2019-06,silk,0.0,35,2019-06-30,False
hm,2019-06,technical,0.02619,35,2019-06-30,False
hm,2019-06,viscose,0.205714,35,2019-06-30,False
hm,2019-06,wool,0.022286,35,2019-06-30,False
hm,2019-07,cashmere,0.0,20,2019-07-31,True
hm,2019-07,cotton,0.07275,20,2019-07-31,True
hm,2019-07,denim,0.135,20,2019-07-31,True
hm,2019-07,elastane,0.021917,20,2019-07-31,True
hm,2019-07,leather,0.0,20,2019-07-31,True
hm,2019-07,linen,0.0,20,2019-07-31,True
hm,2019-07,nylon,0.077,20,2019-07-31,True
hm,2019-07,other,0.285,20,2019-07-31,True
hm,2019-07,polyester,0.150333,20,2019-07-31,True
hm,2019-07,silk,0.0,20,2019-07-31,True
hm,2019-07,technical,0.0,20,2019-07-31,True
hm,2019-07,viscose,0.258,20,2019-07-31,True
hm,2019-07,wool,0.0,20,2019-07-31,True
hm,2019-08,cashmere,0.0,28,2019-08-31,True
hm,2019-08,cotton,0.207738,28,2019-08-31,True
hm,2019-08,denim,0.0,28,2019-08-31,True
hm,2019-08,elastane,0.048095,28,2019-08-31,True
hm,2019-08,leather,0.053571,28,2019-08-31,True
hm,2019-08,linen,0.107143,28,2019-08-31,True
hm,2019-08,nylon,0.177679,28,2019-08-31,True
hm,2019-08,other,0.083333,28,2019-08-31,True
hm,2019-08,polyester,0.22125,28,2019-08-31,True
hm,2019-08,silk,0.0,28,2019-08-31,True
hm,2019-08,technical,0.029762,28,2019-08-31,True
hm,2019-08,viscose,0.071429,28,2019-08-31,True
hm,2019-08,wool,0.0,28,2019-08-31,True
hm,2019-09,cashmere,0.054054,37,2019-09-30,False
hm,2019-09,cotton,0.08982,37,2019-09-30,False
hm,2019-09,denim,0.304775,37,2019-09-30,False
hm,2019-09,elastane,0.013649,37,2019-09-30,False
hm,2019-09,leather,0.0,37,2019-09-30,False
hm,2019-09,linen,0.027027,37,2019-09-30,False
hm,2019-09,nylon,0.028784,37,2019-09-30,False
hm,2019-09,other,0.027027,37,2019-09-30,False
hm,2019-09,polyester,0.287387,37,2019-09-30,False
hm,2019-09,silk,0.0,37,2019-09-30,False
hm,2019-09,technical,0.018018,37,2019-09-30,False
hm,2019-09,viscose,0.149459,37,2019-09-30,False
hm,2019-09,wool,0.0,37,2019-09-30,False
hm,2019-10,cashmere,0.0,31,2019-10-31,False
hm,2019-10,cotton,0.398387,31,2019-10-31,False
hm,2019-10,denim,0.029839,31,2019-10-31,False
hm,2019-10,elastane,0.044516,31,2019-10-31,False
hm,2019-10,leather,0.0,31,2019-10-31,False
hm,2019-10,linen,0.0,31,2019-10-31,False
hm,2019-10,nylon,0.245806,31,2019-10-31,False
hm,2019-10,other,0.115806,31,2019-10-31,False
hm,2019-10,polyester,0.009032,31,2019-10-31,False
hm,2019-10,silk,0.0,31,2019-10-31,False
hm,2019-10,technical,0.0,31,2019-10-31,False
hm,2019-10,viscose,0.156613,31,2019-10-31,False
hm,2019-10,wool,0.0,31,2019-10-31,False
hm,2019-11,cashmere,0.0,32,2019-11-30,False
hm,2019-11,cotton,0.342083,32,2019-11-30,False
hm,2019-11,denim,0.186094,32,2019-11-30,False
hm,2019-11,elastane,0.010885,32,2019-11-30,False
hm,2019-11,leather,0.0625,32,2019-11-30,False
hm,2019-11,linen,0.09375,32,2019-11-30,False
hm,2019-11,nylon,0.043333,32,2019-11-30,False
hm,2019-11,other,0.08125,32,2019-11-30,False
hm,2019-11,polyester,0.117604,32,2019-11-30,False
hm,2019-11,silk,0.0,32,2019-11-30,False
hm,2019-11,technical,0.0,32,2019-11-30,False
hm,2019-11,viscose,0.0625,32,2019-11-30,False
hm,2019-11,wool,0.0,32,2019-11-30,False
hm,2019-12,cashmere,0.0,24,2019-12-31,True
hm,2019-12,cotton,0.301111,24,2019-12-31,True
hm,2019-12,denim,0.041667,24,2019-12-31,True
hm,2019-12,elastane,0.032917,24,2019-12-31,True
hm,2019-12,leather,0.0,24,2019-12-31,True
hm,2019-12,linen,0.125,24,2019-12-31,True
hm,2019-12,nylon,0.113958,24,2019-12-31,True
hm,2019-12,other,0.013889,24,2019-12-31,True
hm,2019-12,polyester,0.357569,24,2019-12-31,True
hm,2019-12,silk,0.0,24,2019-12-31,True
hm,2019-12,technical,0.013889,24,2019-12-31,True
hm,2019-12,viscose,0.0,24,2019-12-31,True
hm,2019-12,wool,0.0,24,2019-12-31,True
hm,2020-01,cashmere,0.0025,20,2020-01-31,True
hm,2020-01,cotton,0.349,20,2020-01-31,True
hm,2020-01,denim,0.0,20,2020-01-31,True
hm,2020-01,elastane,0.011083,20,2020-01-31,True
hm,2020-01,leather,0.041667,20,2020-01-31,True
hm,2020-01,linen,0.0,20,2020-01-31,True
hm,2020-01,nylon,0.066417,20,2020-01-31,True
hm,2020-01,other,0.15625,20,2020-01-31,True
hm,2020-01,polyester,0.27875,20,2020-01-31,True
hm,2020-01,silk,0.0,20,2020-01-31,True
hm,2020-01,technical,0.008333,20,2020-01-31,True
hm,2020-01,viscose,0.0385,20,2020-01-31,True
hm,2020-01,wool,0.0475,20,2020-01-31,True
hm,2020-02,cashmere,0.0,39,2020-02-29,False
hm,2020-02,cotton,0.24765,39,2020-02-29,False
hm,2020-02,denim,0.071795,39,2020-02-29,False
hm,2020-02,elastane,0.011026,39,2020-02-29,False
hm,2020-02,leather,0.018803,39,2020-02-29,False
hm,2020-02,linen,0.007692,39,2020-02-29,False
hm,2020-02,nylon,0.00359,39,2020-02-29,False
hm,2020-02,other,0.160684,39,2020-02-29,False
hm,2020-02,polyester,0.303376,39,2020-02-29,False
hm,2020-02,silk,0.0,39,2020-02-29,False
hm,2020-02,technical,0.025641,39,2020-02-29,False
hm,2020-02,viscose,0.138718,39,2020-02-29,False
hm,2020-02,wool,0.011026,39,2020-02-29,False
hm,2020-03,cashmere,0.007692,39,2020-03-31,False
hm,2020-03,cotton,0.248718,39,2020-03-31,False
hm,2020-03,denim,0.025641,39,2020-03-31,False
hm,2020-03,elastane,0.029872,39,2020-03-31,False
hm,2020-03,leather,0.0,39,2020-03-31,False
hm,2020-03,linen,0.025641,39,2020-03-31,False
hm,2020-03,nylon,0.072778,39,2020-03-31,False
hm,2020-03,other,0.079359,39,2020-03-31,False
hm,2020-03,polyester,0.360641,39,2020-03-31,False
hm,2020-03,silk,0.0,39,2020-03-31,False
hm,2020-03,technical,0.017094,39,2020-03-31,False
hm,2020-03,viscose,0.087692,39,2020-03-31,False
hm,2020-03,wool,0.044872,39,2020-03-31,False
hm,2020-04,cashmere,0.0,38,2020-04-30,False
hm,2020-04,cotton,0.308991,38,2020-04-30,False
hm,2020-04,denim,0.078684,38,2020-04-30,False
hm,2020-04,elastane,0.006892,38,2020-04-30,False
hm,2020-04,leather,0.0,38,2020-04-30,False
hm,2020-04,linen,0.052632,38,2020-04-30,False
hm,2020-04,nylon,0.021649,38,2020-04-30,False
hm,2020-04,other,0.095791,38,2020-04-30,False
hm,2020-04,polyester,0.229294,38,2020-04-30,False
hm,2020-04,silk,0.026316,38,2020-04-30,False
hm,2020-04,technical,0.017544,38,2020-04-30,False
hm,2020-04,viscose,0.160526,38,2020-04-30,False
hm,2020-04,wool,0.00168,38,2020-04-30,False
hm,2020-05,cashmere,0.0,39,2020-05-31,False
hm,2020-05,cotton,0.336812,39,2020-05-31,False
hm,2020-05,denim,0.101795,39,2020-05-31,False
hm,2020-05,elastane,0.014359,39,2020-05-31,False
hm,2020-05,leather,0.0,39,2020-05-31,False
hm,2020-05,linen,0.014103,39,2020-05-31,False
hm,2020-05,nylon,0.064205,39,2020-05-31,False
hm,2020-05,other,0.084316,39,2020-05-31,False
hm,2020-05,polyester,0.197974,39,2020-05-31,False
hm,2020-05,silk,0.0,39,2020-05-31,False
hm,2020-05,technical,0.005128,39,2020-05-31,False
hm,2020-05,viscose,0.15141,39,2020-05-31,False
hm,2020-05,wool,0.029897,39,2020-05-31,False
hm,2020-06,cashmere,0.0,36,2020-06-30,False
hm,2020-06,cotton,0.314815,36,2020-06-30,False
hm,2020-06,denim,0.013889,36,2020-06-30,False
hm,2020-06,elastane,0.008611,36,2020-06-30,False
hm,2020-06,leather,0.023148,36,2020-06-30,False
hm,2020-06,linen,0.027778,36,2020-06-30,False
hm,2020-06,nylon,0.034907,36,2020-06-30,False
hm,2020-06,other,0.134444,36,2020-06-30,False
hm,2020-06,polyester,0.309861,36,2020-06-30,False
hm,2020-06,silk,0.0,36,2020-06-30,False
hm,2020-06,technical,0.006944,36,2020-06-30,False
hm,2020-06,viscose,0.124213,36,2020-06-30,False
hm,2020-06,wool,0.001389,36,2020-06-30,False
hm,2020-07,cashmere,0.0,9,2020-07-31,True
hm,2020-07,cotton,0.288889,9,2020-07-31,True
hm,2020-07,denim,0.0,9,2020-07-31,True
hm,2020-07,elastane,0.0,9,2020-07-31,True
hm,2020-07,leather,0.0,9,2020-07-31,True
hm,2020-07,linen,0.222222,9,2020-07-31,True
hm,2020-07,nylon,0.0,9,2020-07-31,True
hm,2020-07,other,0.111111,9,2020-07-31,True
hm,2020-07,polyester,0.266667,9,2020-07-31,True
hm,2020-07,silk,0.0,9,2020-07-31,True
hm,2020-07,technical,0.0,9,2020-07-31,True
hm,2020-07,viscose,0.111111,9,2020-07-31,True
hm,2020-07,wool,0.0,9,2020-07-31,True
hm,2020-08,cashmere,0.0,33,2020-08-31,False
hm,2020-08,cotton,0.20303,33,2020-08-31,False
hm,2020-08,denim,0.05,33,2020-08-31,False
hm,2020-08,elastane,0.012121,33,2020-08-31,False
hm,2020-08,leather,0.030303,33,2020-08-31,False
hm,2020-08,linen,0.242424,33,2020-08-31,False
hm,2020-08,nylon,0.04,33,2020-08-31,False
hm,2020-08,other,0.075758,33,2020-08-31,False
hm,2020-08,polyester,0.3,33,2020-08-31,False
hm,2020-08,silk,0.0,33,2020-08-31,False
hm,2020-08,technical,0.007576,33,2020-08-31,False
hm,2020-08,viscose,0.038788,33,2020-08-31,False
hm,2020-08,wool,0.0,33,2020-08-31,False
hm,2020-09,cashmere,0.0,29,2020-09-30,True
hm,2020-09,cotton,0.363563,29,2020-09-30,True
hm,2020-09,denim,0.144138,29,2020-09-30,True
hm,2020-09,elastane,0.008966,29,2020-09-30,True
hm,2020-09,leather,0.0,29,2020-09-30,True
hm,2020-09,linen,0.0,29,2020-09-30,True
hm,2020-09,nylon,0.04069,29,2020-09-30,True
hm,2020-09,other,0.068965,29,2020-09-30,True
hm,2020-09,polyester,0.285402,29,2020-09-30,True
hm,2020-09,silk,0.0,29,2020-09-30,True
hm,2020-09,technical,0.0,29,2020-09-30,True
hm,2020-09,viscose,0.088276,29,2020-09-30,True
hm,2020-09,wool,0.0,29,2020-09-30,True
hm,2020-10,cashmere,0.0,28,2020-10-31,True
hm,2020-10,cotton,0.294762,28,2020-10-31,True
hm,2020-10,denim,0.2275,28,2020-10-31,True
hm,2020-10,elastane,0.013929,28,2020-10-31,True
hm,2020-10,leather,0.011905,28,2020-10-31,True
hm,2020-10,linen,0.0,28,2020-10-31,True
hm,2020-10,nylon,0.065119,28,2020-10-31,True
hm,2020-10,other,0.059524,28,2020-10-31,True
hm,2020-10,polyester,0.267976,28,2020-10-31,True
hm,2020-10,silk,0.0,28,2020-10-31,True
hm,2020-10,technical,0.035714,28,2020-10-31,True
hm,2020-10,viscose,0.023571,28,2020-10-31,True
hm,2020-10,wool,0.0,28,2020-10-31,True
hm,2020-11,cashmere,0.0,39,2020-11-30,False
hm,2020-11,cotton,0.259615,39,2020-11-30,False
hm,2020-11,denim,0.19735,39,2020-11-30,False
hm,2020-11,elastane,0.016026,39,2020-11-30,False
hm,2020-11,leather,0.0,39,2020-11-30,False
hm,2020-11,linen,0.102564,39,2020-11-30,False
hm,2020-11,nylon,0.063846,39,2020-11-30,False
hm,2020-11,other,0.174103,39,2020-11-30,False
hm,2020-11,polyester,0.118291,39,2020-11-30,False
hm,2020-11,silk,0.0,39,2020-11-30,False
hm,2020-11,technical,0.0,39,2020-11-30,False
hm,2020-11,viscose,0.042564,39,2020-11-30,False
hm,2020-11,wool,0.025641,39,2020-11-30,False
hm,2020-12,cashmere,0.0,37,2020-12-31,False
hm,2020-12,cotton,0.311239,37,2020-12-31,False
hm,2020-12,denim,0.035405,37,2020-12-31,False
hm,2020-12,elastane,0.014032,37,2020-12-31,False
hm,2020-12,leather,0.0,37,2020-12-31,False
hm,2020-12,linen,0.027027,37,2020-12-31,False
hm,2020-12,nylon,0.076554,37,2020-12-31,False
hm,2020-12,other,0.241081,37,2020-12-31,False
hm,2020-12,polyester,0.176149,37,2020-12-31,False
hm,2020-12,silk,0.016216,37,2020-12-31,False
hm,2020-12,technical,0.006757,37,2020-12-31,False
hm,2020-12,viscose,0.039324,37,2020-12-31,False
hm,2020-12,wool,0.056216,37,2020-12-31,False
hm,2021-01,cashmere,0.0,18,2021-01-31,True
hm,2021-01,cotton,0.314278,18,2021-01-31,True
hm,2021-01,denim,0.083148,18,2021-01-31,True
hm,2021-01,elastane,0.003833,18,2021-01-31,True
hm,2021-01,leather,0.027778,18,2021-01-31,True
hm,2021-01,linen,0.055556,18,2021-01-31,True
hm,2021-01,nylon,0.032778,18,2021-01-31,True
hm,2021-01,other,0.236111,18,2021-01-31,True
hm,2021-01,polyester,0.206518,18,2021-01-31,True
hm,2021-01,silk,0.0,18,2021-01-31,True
hm,2021-01,technical,0.011111,18,2021-01-31,True
hm,2021-01,viscose,0.015,18,2021-01-31,True
hm,2021-01,wool,0.013889,18,2021-01-31,True
hm,2021-02,cashmere,0.0,36,2021-02-28,False
hm,2021-02,cotton,0.361639,36,2021-02-28,False
hm,2021-02,denim,0.107454,36,2021-02-28,False
hm,2021-02,elastane,0.010694,36,2021-02-28,False
hm,2021-02,leather,0.018519,36,2021-02-28,False
hm,2021-02,linen,0.11875,36,2021-02-28,False
hm,2021-02,nylon,0.016222,36,2021-02-28,False
hm,2021-02,other,0.138426,36,2021-02-28,False
hm,2021-02,polyester,0.187204,36,2021-02-28,False
hm,2021-02,silk,0.0,36,2021-02-28,False
hm,2021-02,technical,0.005556,36,2021-02-28,False
hm,2021-02,viscose,0.029815,36,2021-02-28,False
hm,2021-02,wool,0.005722,36,2021-02-28,False
hm,2021-03,cashmere,0.0,37,2021-03-31,False
hm,2021-03,cotton,0.253919,37,2021-03-31,False
hm,2021-03,denim,0.126892,37,2021-03-31,False
hm,2021-03,elastane,0.018514,37,2021-03-31,False
hm,2021-03,leather,0.010811,37,2021-03-31,False
hm,2021-03,linen,0.162162,37,2021-03-31,False
hm,2021-03,nylon,0.054414,37,2021-03-31,False
hm,2021-03,other,0.247748,37,2021-03-31,False
hm,2021-03,polyester,0.075135,37,2021-03-31,False
hm,2021-03,silk,0.0,37,2021-03-31,False
hm,2021-03,technical,0.0,37,2021-03-31,False
hm,2021-03,viscose,0.037973,37,2021-03-31,False
hm,2021-03,wool,0.012432,37,2021-03-31,False
hm,2021-04,cashmere,0.0,40,2021-04-30,False
hm,2021-04,cotton,0.277875,40,2021-04-30,False
hm,2021-04,denim,0.06525,40,2021-04-30,False
hm,2021-04,elastane,0.01975,40,2021-04-30,False
hm,2021-04,leather,0.083333,40,2021-04-30,False
hm,2021-04,linen,0.05,40,2021-04-30,False
hm,2021-04,nylon,0.096875,40,2021-04-30,False
hm,2021-04,other,0.229333,40,2021-04-30,False
hm,2021-04,polyester,0.149333,40,2021-04-30,False
hm,2021-04,silk,0.0,40,2021-04-30,False
hm,2021-04,technical,0.0,40,2021-04-30,False
hm,2021-04,viscose,0.02825,40,2021-04-30,False
hm,2021-04,wool,0.0,40,2021-04-30,False
hm,2021-05,cashmere,0.0,30,2021-05-31,False
hm,2021-05,cotton,0.4405,30,2021-05-31,False
hm,2021-05,denim,0.09,30,2021-05-31,False
hm,2021-05,elastane,0.024333,30,2021-05-31,False
hm,2021-05,leather,0.033333,30,2021-05-31,False
hm,2021-05,linen,0.0,30,2021-05-31,False
hm,2021-05,nylon,0.0845,30,2021-05-31,False
hm,2021-05,other,0.123333,30,2021-05-31,False
hm,2021-05,polyester,0.136333,30,2021-05-31,False
hm,2021-05,silk,0.0,30,2021-05-31,False
hm,2021-05,technical,0.0,30,2021-05-31,False
hm,2021-05,viscose,0.067667,30,2021-05-31,False
hm,2021-05,wool,0.0,30,2021-05-31,False
hm,2021-06,cashmere,0.0,36,2021-06-30,False
hm,2021-06,cotton,0.531667,36,2021-06-30,False
hm,2021-06,denim,0.082778,36,2021-06-30,False
hm,2021-06,elastane,0.014722,36,2021-06-30,False
hm,2021-06,leather,0.0,36,2021-06-30,False
hm,2021-06,linen,0.055556,36,2021-06-30,False
hm,2021-06,nylon,0.026111,36,2021-06-30,False
hm,2021-06,other,0.158333,36,2021-06-30,False
hm,2021-06,polyester,0.094907,36,2021-06-30,False
hm,2021-06,silk,0.0,36,2021-06-30,False
hm,2021-06,technical,0.009259,36,2021-06-30,False
hm,2021-06,viscose,0.026667,36,2021-06-30,False
hm,2021-06,wool,0.0,36,2021-06-30,False
hm,2021-07,cashmere,0.0,19,2021-07-31,True
hm,2021-07,cotton,0.444737,19,2021-07-31,True
hm,2021-07,denim,0.209474,19,2021-07-31,True
hm,2021-07,elastane,0.003684,19,2021-07-31,True
hm,2021-07,leather,0.052632,19,2021-07-31,True
hm,2021-07,linen,0.052632,19,2021-07-31,True
hm,2021-07,nylon,0.0,19,2021-07-31,True
hm,2021-07,other,0.0,19,2021-07-31,True
hm,2021-07,polyester,0.201754,19,2021-07-31,True
hm,2021-07,silk,0.0,19,2021-07-31,True
hm,2021-07,technical,0.035088,19,2021-07-31,True
hm,2021-07,viscose,0.0,19,2021-07-31,True
hm,2021-07,wool,0.0,19,2021-07-31,True
hm,2021-08,cashmere,0.0,38,2021-08-31,False
hm,2021-08,cotton,0.618465,38,2021-08-31,False
hm,2021-08,denim,0.128816,38,2021-08-31,False
hm,2021-08,elastane,0.011447,38,2021-08-31,False
hm,2021-08,leather,0.035088,38,2021-08-31,False
hm,2021-08,linen,0.0,38,2021-08-31,False
hm,2021-08,nylon,0.051535,38,2021-08-31,False
hm,2021-08,other,0.04386,38,2021-08-31,False
hm,2021-08,polyester,0.089211,38,2021-08-31,False
hm,2021-08,silk,0.0,38,2021-08-31,False
hm,2021-08,technical,0.0,38,2021-08-31,False
hm,2021-08,viscose,0.021579,38,2021-08-31,False
hm,2021-08,wool,0.0,38,2021-08-31,False
hm,2021-09,cashmere,0.0,36,2021-09-30,False
hm,2021-09,cotton,0.296528,36,2021-09-30,False
hm,2021-09,denim,0.102639,36,2021-09-30,False
hm,2021-09,elastane,0.016944,36,2021-09-30,False
hm,2021-09,leather,0.096296,36,2021-09-30,False
hm,2021-09,linen,0.027778,36,2021-09-30,False
hm,2021-09,nylon,0.051389,36,2021-09-30,False
hm,2021-09,other,0.092731,36,2021-09-30,False
hm,2021-09,polyester,0.181343,36,2021-09-30,False
hm,2021-09,silk,0.0,36,2021-09-30,False
hm,2021-09,technical,0.009259,36,2021-09-30,False
hm,2021-09,viscose,0.113796,36,2021-09-30,False
hm,2021-09,wool,0.011296,36,2021-09-30,False
hm,2021-10,cashmere,0.0,33,2021-10-31,False
hm,2021-10,cotton,0.074848,33,2021-10-31,False
hm,2021-10,denim,0.15803,33,2021-10-31,False
hm,2021-10,elastane,0.004091,33,2021-10-31,False
hm,2021-10,leather,0.030303,33,2021-10-31,False
hm,2021-10,linen,0.606061,33,2021-10-31,False
hm,2021-10,nylon,0.007273,33,2021-10-31,False
hm,2021-10,other,0.040404,33,2021-10-31,False
hm,2021-10,polyester,0.033535,33,2021-10-31,False
hm,2021-10,silk,0.0,33,2021-10-31,False
hm,2021-10,technical,0.0,33,2021-10-31,False
hm,2021-10,viscose,0.015152,33,2021-10-31,False
hm,2021-10,wool,0.030303,33,2021-10-31,False
hm,2021-11,cashmere,0.0,32,2021-11-30,False
hm,2021-11,cotton,0.412865,32,2021-11-30,False
hm,2021-11,denim,0.055938,32,2021-11-30,False
hm,2021-11,elastane,0.00625,32,2021-11-30,False
hm,2021-11,leather,0.0,32,2021-11-30,False
hm,2021-11,linen,0.28125,32,2021-11-30,False
hm,2021-11,nylon,0.010417,32,2021-11-30,False
hm,2021-11,other,0.104167,32,2021-11-30,False
hm,2021-11,polyester,0.092708,32,2021-11-30,False
hm,2021-11,silk,0.0,32,2021-11-30,False
hm,2021-11,technical,0.015625,32,2021-11-30,False
hm,2021-11,viscose,0.000781,32,2021-11-30,False
hm,2021-11,wool,0.02,32,2021-11-30,False
hm,2021-12,cashmere,0.0,29,2021-12-31,True
hm,2021-12,cotton,0.286839,29,2021-12-31,True
hm,2021-12,denim,0.068966,29,2021-12-31,True
hm,2021-12,elastane,0.015575,29,2021-12-31,True
hm,2021-12,leather,0.0,29,2021-12-31,True
hm,2021-12,linen,0.206897,29,2021-12-31,True
hm,2021-12,nylon,0.061667,29,2021-12-31,True
hm,2021-12,other,0.10069,29,2021-12-31,True
hm,2021-12,polyester,0.172701,29,2021-12-31,True
hm,2021-12,silk,0.0,29,2021-12-31,True
hm,2021-12,technical,0.037356,29,2021-12-31,True
hm,2021-12,viscose,0.04,29,2021-12-31,True
hm,2021-12,wool,0.00931,29,2021-12-31,True
hm,2022-01,cashmere,0.0,18,2022-01-31,True
hm,2022-01,cotton,0.379444,18,2022-01-31,True
hm,2022-01,denim,0.077778,18,2022-01-31,True
hm,2022-01,elastane,0.013889,18,2022-01-31,True
hm,2022-01,leather,0.0,18,2022-01-31,True
hm,2022-01,linen,0.055556,18,2022-01-31,True
hm,2022-01,nylon,0.012222,18,2022-01-31,True
hm,2022-01,other,0.166111,18,2022-01-31,True
hm,2022-01,polyester,0.143704,18,2022-01-31,True
hm,2022-01,silk,0.0,18,2022-01-31,True
hm,2022-01,technical,0.018518,18,2022-01-31,True
hm,2022-01,viscose,0.117778,18,2022-01-31,True
hm,2022-01,wool,0.015,18,2022-01-31,True
hm,2022-02,cashmere,0.0,40,2022-02-28,False
hm,2022-02,cotton,0.654333,40,2022-02-28,False
hm,2022-02,denim,0.01525,40,2022-02-28,False
hm,2022-02,elastane,0.01175,40,2022-02-28,False
hm,2022-02,leather,0.0,40,2022-02-28,False
hm,2022-02,linen,0.0,40,2022-02-28,False
hm,2022-02,nylon,0.031125,40,2022-02-28,False
hm,2022-02,other,0.0825,40,2022-02-28,False
hm,2022-02,polyester,0.085833,40,2022-02-28,False
hm,2022-02,silk,0.0,40,2022-02-28,False
hm,2022-02,technical,0.008333,40,2022-02-28,False
hm,2022-02,viscose,0.027,40,2022-02-28,False
hm,2022-02,wool,0.083875,40,2022-02-28,False
hm,2022-03,cashmere,0.0,10,2022-03-31,True
hm,2022-03,cotton,0.273,10,2022-03-31,True
hm,2022-03,denim,0.0,10,2022-03-31,True
hm,2022-03,elastane,0.01,10,2022-03-31,True
hm,2022-03,leather,0.0,10,2022-03-31,True
hm,2022-03,linen,0.5,10,2022-03-31,True
hm,2022-03,nylon,0.018,10,2022-03-31,True
hm,2022-03,other,0.04,10,2022-03-31,True
hm,2022-03,polyester,0.085667,10,2022-03-31,True
hm,2022-03,silk,0.0,10,2022-03-31,True
hm,2022-03,technical,0.033333,10,2022-03-31,True
hm,2022-03,viscose,0.04,10,2022-03-31,True
hm,2022-03,wool,0.0,10,2022-03-31,True
hm,2022-04,cashmere,0.0,37,2022-04-30,False
hm,2022-04,cotton,0.389189,37,2022-04-30,False
hm,2022-04,denim,0.124459,37,2022-04-30,False
hm,2022-04,elastane,0.006486,37,2022-04-30,False
hm,2022-04,leather,0.009009,37,2022-04-30,False
hm,2022-04,linen,0.017838,37,2022-04-30,False
hm,2022-04,nylon,0.00527,37,2022-04-30,False
hm,2022-04,other,0.063874,37,2022-04-30,False
hm,2022-04,polyester,0.292085,37,2022-04-30,False
hm,2022-04,silk,0.007297,37,2022-04-30,False
hm,2022-04,technical,0.01287,37,2022-04-30,False
hm,2022-04,viscose,0.044595,37,2022-04-30,False
hm,2022-04,wool,0.027027,37,2022-04-30,False
hm,2022-07,cashmere,0.0,19,2022-07-31,True
hm,2022-07,cotton,0.1,19,2022-07-31,True
hm,2022-07,denim,0.137895,19,2022-07-31,True
hm,2022-07,elastane,0.02,19,2022-07-31,True
hm,2022-07,leather,0.0,19,2022-07-31,True
hm,2022-07,linen,0.157895,19,2022-07-31,True
hm,2022-07,nylon,0.092632,19,2022-07-31,True
hm,2022-07,other,0.368421,19,2022-07-31,True
hm,2022-07,polyester,0.114211,19,2022-07-31,True
hm,2022-07,silk,0.0,19,2022-07-31,True
hm,2022-07,technical,0.0,19,2022-07-31,True
hm,2022-07,viscose,0.008947,19,2022-07-31,True
hm,2022-07,wool,0.0,19,2022-07-31,True
hm,2022-11,cashmere,0.025,40,2022-11-30,False
hm,2022-11,cotton,0.288958,40,2022-11-30,False
hm,2022-11,denim,0.061125,40,2022-11-30,False
hm,2022-11,elastane,0.018375,40,2022-11-30,False
hm,2022-11,leather,0.03,40,2022-11-30,False
hm,2022-11,linen,0.0,40,2022-11-30,False
hm,2022-11,nylon,0.060375,40,2022-11-30,False
hm,2022-11,other,0.167167,40,2022-11-30,False
hm,2022-11,polyester,0.225125,40,2022-11-30,False
hm,2022-11,silk,0.0,40,2022-11-30,False
hm,2022-11,technical,0.0125,40,2022-11-30,False
hm,2022-11,viscose,0.109875,40,2022-11-30,False
hm,2022-11,wool,0.0015,40,2022-11-30,False
hm,2022-12,cashmere,0.0,40,2022-12-31,False
hm,2022-12,cotton,0.440333,40,2022-12-31,False
hm,2022-12,denim,0.025,40,2022-12-31,False
hm,2022-12,elastane,0.009375,40,2022-12-31,False
hm,2022-12,leather,0.0,40,2022-12-31,False
hm,2022-12,linen,0.1,40,2022-12-31,False
hm,2022-12,nylon,0.010875,40,2022-12-31,False
hm,2022-12,other,0.195542,40,2022-12-31,False
hm,2022-12,polyester,0.15775,40,2022-12-31,False
hm,2022-12,silk,0.0,40,2022-12-31,False
hm,2022-12,technical,0.0,40,2022-12-31,False
hm,2022-12,viscose,0.0545,40,2022-12-31,False
hm,2022-12,wool,0.006625,40,2022-12-31,False
hm,2023-01,cashmere,0.0,19,2023-01-31,True
hm,2023-01,cotton,0.366316,19,2023-01-31,True
hm,2023-01,denim,0.145789,19,2023-01-31,True
hm,2023-01,elastane,0.021842,19,2023-01-31,True
hm,2023-01,leather,0.0,19,2023-01-31,True
hm,2023-01,linen,0.105263,19,2023-01-31,True
hm,2023-01,nylon,0.085263,19,2023-01-31,True
hm,2023-01,other,0.081579,19,2023-01-31,True
hm,2023-01,polyester,0.159737,19,2023-01-31,True
hm,2023-01,silk,0.0,19,2023-01-31,True
hm,2023-01,technical,0.0,19,2023-01-31,True
hm,2023-01,viscose,0.034211,19,2023-01-31,True
hm,2023-01,wool,0.0,19,2023-01-31,True
hm,2023-02,cashmere,0.0,37,2023-02-28,False
hm,2023-02,cotton,0.259459,37,2023-02-28,False
hm,2023-02,denim,0.024459,37,2023-02-28,False
hm,2023-02,elastane,0.000946,37,2023-02-28,False
hm,2023-02,leather,0.027027,37,2023-02-28,False
hm,2023-02,linen,0.567568,37,2023-02-28,False
hm,2023-02,nylon,0.0,37,2023-02-28,False
hm,2023-02,other,0.081081,37,2023-02-28,False
hm,2023-02,polyester,0.012432,37,2023-02-28,False
hm,2023-02,silk,0.0,37,2023-02-28,False
hm,2023-02,technical,0.0,37,2023-02-28,False
hm,2023-02,viscose,0.027027,37,2023-02-28,False
hm,2023-02,wool,0.0,37,2023-02-28,False
hm,2023-03,cashmere,0.0,40,2023-03-31,False
hm,2023-03,cotton,0.385292,40,2023-03-31,False
hm,2023-03,denim,0.0205,40,2023-03-31,False
hm,2023-03,elastane,0.012875,40,2023-03-31,False
hm,2023-03,leather,0.0,40,2023-03-31,False
hm,2023-03,linen,0.025,40,2023-03-31,False
hm,2023-03,nylon,0.07875,40,2023-03-31,False
hm,2023-03,other,0.209,40,2023-03-31,False
hm,2023-03,polyester,0.184458,40,2023-03-31,False
hm,2023-03,silk,0.0,40,2023-03-31,False
hm,2023-03,technical,0.01875,40,2023-03-31,False
hm,2023-03,viscose,0.065375,40,2023-03-31,False
hm,2023-03,wool,0.0,40,2023-03-31,False
hm,2023-04,cashmere,0.0,40,2023-04-30,False
hm,2023-04,cotton,0.497792,40,2023-04-30,False
hm,2023-04,denim,0.0,40,2023-04-30,False
hm,2023-04,elastane,0.015792,40,2023-04-30,False
hm,2023-04,leather,0.008333,40,2023-04-30,False
hm,2023-04,linen,0.013,40,2023-04-30,False
hm,2023-04,nylon,0.046417,40,2023-04-30,False
hm,2023-04,other,0.053167,40,2023-04-30,False
hm,2023-04,polyester,0.202292,40,2023-04-30,False
hm,2023-04,silk,0.0,40,2023-04-30,False
hm,2023-04,technical,0.025,40,2023-04-30,False
hm,2023-04,viscose,0.130708,40,2023-04-30,False
hm,2023-04,wool,0.0075,40,2023-04-30,False
hm,2023-05,cashmere,0.0,36,2023-05-31,False
hm,2023-05,cotton,0.459815,36,2023-05-31,False
hm,2023-05,denim,0.057361,36,2023-05-31,False
hm,2023-05,elastane,0.017639,36,2023-05-31,False
hm,2023-05,leather,0.039352,36,2023-05-31,False
hm,2023-05,linen,0.0,36,2023-05-31,False
hm,2023-05,nylon,0.040185,36,2023-05-31,False
hm,2023-05,other,0.192176,36,2023-05-31,False
hm,2023-05,polyester,0.131111,36,2023-05-31,False
hm,2023-05,silk,0.0,36,2023-05-31,False
hm,2023-05,technical,0.0,36,2023-05-31,False
hm,2023-05,viscose,0.062361,36,2023-05-31,False
hm,2023-05,wool,0.0,36,2023-05-31,False
hm,2023-06,cashmere,0.0,40,2023-06-30,False
hm,2023-06,cotton,0.458875,40,2023-06-30,False
hm,2023-06,denim,0.04,40,2023-06-30,False
hm,2023-06,elastane,0.009667,40,2023-06-30,False
hm,2023-06,leather,0.0,40,2023-06-30,False
hm,2023-06,linen,0.025,40,2023-06-30,False
hm,2023-06,nylon,0.0205,40,2023-06-30,False
hm,2023-06,other,0.2355,40,2023-06-30,False
hm,2023-06,polyester,0.073542,40,2023-06-30,False
hm,2023-06,silk,0.0,40,2023-06-30,False
hm,2023-06,technical,0.0,40,2023-06-30,False
hm,2023-06,viscose,0.136917,40,2023-06-30,False
hm,2023-06,wool,0.0,40,2023-06-30,False
hm,2023-07,cashmere,0.0,19,2023-07-31,True
hm,2023-07,cotton,0.690789,19,2023-07-31,True
hm,2023-07,denim,0.074737,19,2023-07-31,True
hm,2023-07,elastane,0.011316,19,2023-07-31,True
hm,2023-07,leather,0.0,19,2023-07-31,True
hm,2023-07,linen,0.0,19,2023-07-31,True
hm,2023-07,nylon,0.0,19,2023-07-31,True
hm,2023-07,other,0.0,19,2023-07-31,True
hm,2023-07,polyester,0.221579,19,2023-07-31,True
hm,2023-07,silk,0.0,19,2023-07-31,True
hm,2023-07,technical,0.0,19,2023-07-31,True
hm,2023-07,viscose,0.001579,19,2023-07-31,True
hm,2023-07,wool,0.0,19,2023-07-31,True
hm,2024-01,cashmere,0.0,19,2024-01-31,True
hm,2024-01,cotton,0.412105,19,2024-01-31,True
hm,2024-01,denim,0.137368,19,2024-01-31,True
hm,2024-01,elastane,0.006842,19,2024-01-31,True
hm,2024-01,leather,0.0,19,2024-01-31,True
hm,2024-01,linen,0.052632,19,2024-01-31,True
hm,2024-01,nylon,0.0,19,2024-01-31,True
hm,2024-01,other,0.005263,19,2024-01-31,True
hm,2024-01,polyester,0.206842,19,2024-01-31,True
hm,2024-01,silk,0.0,19,2024-01-31,True
hm,2024-01,technical,0.0,19,2024-01-31,True
hm,2024-01,viscose,0.178947,19,2024-01-31,True
hm,2024-01,wool,0.0,19,2024-01-31,True
hm,2024-07,cashmere,0.0,18,2024-07-31,True
hm,2024-07,cotton,0.263333,18,2024-07-31,True
hm,2024-07,denim,0.0,18,2024-07-31,True
hm,2024-07,elastane,0.01095,18,2024-07-31,True
hm,2024-07,leather,0.055556,18,2024-07-31,True
hm,2024-07,linen,0.166667,18,2024-07-31,True
hm,2024-07,nylon,0.079561,18,2024-07-31,True
hm,2024-07,other,0.171267,18,2024-07-31,True
hm,2024-07,polyester,0.211759,18,2024-07-31,True
hm,2024-07,silk,0.0,18,2024-07-31,True
hm,2024-07,technical,0.0,18,2024-07-31,True
hm,2024-07,viscose,0.033889,18,2024-07-31,True
hm,2024-07,wool,0.007018,18,2024-07-31,True
hm,2025-01,cashmere,0.0,19,2025-01-31,True
hm,2025-01,cotton,0.564705,19,2025-01-31,True
hm,2025-01,denim,0.050055,19,2025-01-31,True
hm,2025-01,elastane,0.013351,19,2025-01-31,True
hm,2025-01,leather,0.0,19,2025-01-31,True
hm,2025-01,linen,0.263158,19,2025-01-31,True
hm,2025-01,nylon,0.073158,19,2025-01-31,True
hm,2025-01,other,0.0,19,2025-01-31,True
hm,2025-01,polyester,0.035574,19,2025-01-31,True
hm,2025-01,silk,0.0,19,2025-01-31,True
hm,2025-01,technical,0.0,19,2025-01-31,True
hm,2025-01,viscose,0.0,19,2025-01-31,True
hm,2025-01,wool,0.0,19,2025-01-31,True
hm,2025-07,cashmere,0.0,17,2025-07-31,True
hm,2025-07,cotton,0.556435,17,2025-07-31,True
hm,2025-07,denim,0.035651,17,2025-07-31,True
hm,2025-07,elastane,0.012451,17,2025-07-31,True
hm,2025-07,leather,0.0,17,2025-07-31,True
hm,2025-07,linen,0.117647,17,2025-07-31,True
hm,2025-07,nylon,0.060882,17,2025-07-31,True
hm,2025-07,other,0.0,17,2025-07-31,True
hm,2025-07,polyester,0.075758,17,2025-07-31,True
hm,2025-07,silk,0.0,17,2025-07-31,True
hm,2025-07,technical,0.0,17,2025-07-31,True
hm,2025-07,viscose,0.141176,17,2025-07-31,True
hm,2025-07,wool,0.0,17,2025-07-31,True
hm,2026-01,cashmere,0.0,6,2026-01-31,True
hm,2026-01,cotton,0.475243,6,2026-01-31,True
hm,2026-01,denim,0.0,6,2026-01-31,True
hm,2026-01,elastane,0.040591,6,2026-01-31,True
hm,2026-01,leather,0.0,6,2026-01-31,True
hm,2026-01,linen,0.0,6,2026-01-31,True
hm,2026-01,nylon,0.070833,6,2026-01-31,True
hm,2026-01,other,0.166667,6,2026-01-31,True
hm,2026-01,polyester,0.208333,6,2026-01-31,True
hm,2026-01,silk,0.0,6,2026-01-31,True
hm,2026-01,technical,0.0,6,2026-01-31,True
hm,2026-01,viscose,0.038333,6,2026-01-31,True
hm,2026-01,wool,0.0,6,2026-01-31,True
uniqlo,2016-10,cashmere,0.0,2,2016-10-31,True
uniqlo,2016-10,cotton,0.485437,2,2016-10-31,True
uniqlo,2016-10,denim,0.0,2,2016-10-31,True
uniqlo,2016-10,elastane,0.014563,2,2016-10-31,True
uniqlo,2016-10,leather,0.0,2,2016-10-31,True
uniqlo,2016-10,linen,0.0,2,2016-10-31,True
uniqlo,2016-10,nylon,0.0,2,2016-10-31,True
uniqlo,2016-10,other,0.0,2,2016-10-31,True
uniqlo,2016-10,polyester,0.0,2,2016-10-31,True
uniqlo,2016-10,silk,0.0,2,2016-10-31,True
uniqlo,2016-10,technical,0.0,2,2016-10-31,True
uniqlo,2016-10,viscose,0.0,2,2016-10-31,True
uniqlo,2016-10,wool,0.5,2,2016-10-31,True
uniqlo,2016-11,cashmere,0.016667,12,2016-11-30,True
uniqlo,2016-11,cotton,0.09,12,2016-11-30,True
uniqlo,2016-11,denim,0.0,12,2016-11-30,True
uniqlo,2016-11,elastane,0.003333,12,2016-11-30,True
uniqlo,2016-11,leather,0.0,12,2016-11-30,True
uniqlo,2016-11,linen,0.0,12,2016-11-30,True
uniqlo,2016-11,nylon,0.211857,12,2016-11-30,True
uniqlo,2016-11,other,0.130672,12,2016-11-30,True
uniqlo,2016-11,polyester,0.064138,12,2016-11-30,True
uniqlo,2016-11,silk,0.166667,12,2016-11-30,True
uniqlo,2016-11,technical,0.0,12,2016-11-30,True
uniqlo,2016-11,viscose,0.0,12,2016-11-30,True
uniqlo,2016-11,wool,0.316667,12,2016-11-30,True
uniqlo,2016-12,cashmere,0.058333,36,2016-12-31,False
uniqlo,2016-12,cotton,0.622222,36,2016-12-31,False
uniqlo,2016-12,denim,0.054444,36,2016-12-31,False
uniqlo,2016-12,elastane,0.023056,36,2016-12-31,False
uniqlo,2016-12,leather,0.0,36,2016-12-31,False
uniqlo,2016-12,linen,0.0,36,2016-12-31,False
uniqlo,2016-12,nylon,0.076747,36,2016-12-31,False
uniqlo,2016-12,other,0.086622,36,2016-12-31,False
uniqlo,2016-12,polyester,0.038853,36,2016-12-31,False
uniqlo,2016-12,silk,0.0,36,2016-12-31,False
uniqlo,2016-12,technical,0.0,36,2016-12-31,False
uniqlo,2016-12,viscose,0.007778,36,2016-12-31,False
uniqlo,2016-12,wool,0.031944,36,2016-12-31,False
uniqlo,2017-01,cashmere,0.130435,23,2017-01-31,True
uniqlo,2017-01,cotton,0.01087,23,2017-01-31,True
uniqlo,2017-01,denim,0.085217,23,2017-01-31,True
uniqlo,2017-01,elastane,0.006957,23,2017-01-31,True
uniqlo,2017-01,leather,0.0,23,2017-01-31,True
uniqlo,2017-01,linen,0.0,23,2017-01-31,True
uniqlo,2017-01,nylon,0.057876,23,2017-01-31,True
uniqlo,2017-01,other,0.354523,23,2017-01-31,True
uniqlo,2017-01,polyester,0.22934,23,2017-01-31,True
uniqlo,2017-01,silk,0.043478,23,2017-01-31,True
uniqlo,2017-01,technical,0.0,23,2017-01-31,True
uniqlo,2017-01,viscose,0.041304,23,2017-01-31,True
uniqlo,2017-01,wool,0.04,23,2017-01-31,True
uniqlo,2017-02,cashmere,0.093793,25,2017-02-28,True
uniqlo,2017-02,cotton,0.131626,25,2017-02-28,True
uniqlo,2017-02,denim,0.0,25,2017-02-28,True
uniqlo,2017-02,elastane,0.013389,25,2017-02-28,True
uniqlo,2017-02,leather,0.0,25,2017-02-28,True
uniqlo,2017-02,linen,0.0,25,2017-02-28,True
uniqlo,2017-02,nylon,0.080998,25,2017-02-28,True
uniqlo,2017-02,other,0.237279,25,2017-02-28,True
uniqlo,2017-02,polyester,0.275857,25,2017-02-28,True
uniqlo,2017-02,silk,0.0,25,2017-02-28,True
uniqlo,2017-02,technical,0.0,25,2017-02-28,True
uniqlo,2017-02,viscose,0.087486,25,2017-02-28,True
uniqlo,2017-02,wool,0.079573,25,2017-02-28,True
uniqlo,2026-07,cashmere,0.0,158,2026-07-31,False
uniqlo,2026-07,cotton,0.502532,158,2026-07-31,False
uniqlo,2026-07,denim,0.018987,158,2026-07-31,False
uniqlo,2026-07,elastane,0.013981,158,2026-07-31,False
uniqlo,2026-07,leather,0.0,158,2026-07-31,False
uniqlo,2026-07,linen,0.070328,158,2026-07-31,False
uniqlo,2026-07,nylon,0.036592,158,2026-07-31,False
uniqlo,2026-07,other,0.005111,158,2026-07-31,False
uniqlo,2026-07,polyester,0.291996,158,2026-07-31,False
uniqlo,2026-07,silk,0.0,158,2026-07-31,False
uniqlo,2026-07,technical,0.0,158,2026-07-31,False
uniqlo,2026-07,viscose,0.054143,158,2026-07-31,False
uniqlo,2026-07,wool,0.006329,158,2026-07-31,False
zara,2026-07,cashmere,0.0,217,2026-07-31,False
zara,2026-07,cotton,0.268479,217,2026-07-31,False
zara,2026-07,denim,0.049585,217,2026-07-31,False
zara,2026-07,elastane,0.011878,217,2026-07-31,False
zara,2026-07,leather,0.007028,217,2026-07-31,False
zara,2026-07,linen,0.064147,217,2026-07-31,False
zara,2026-07,nylon,0.055776,217,2026-07-31,False
zara,2026-07,other,0.018157,217,2026-07-31,False
zara,2026-07,polyester,0.199674,217,2026-07-31,False
zara,2026-07,silk,0.0,217,2026-07-31,False
zara,2026-07,technical,0.049293,217,2026-07-31,False
zara,2026-07,viscose,0.275937,217,2026-07-31,False
zara,2026-07,wool,4.6e-05,217,2026-07-31,False
