event_id,city,season,year,parent_ticker,ticker,brands_showing,n_brands_showing,fw_start_date,show_date,fw_end_date,local_index
E00001,new_york,FW,2000,CPRI,CPRI,Michael Kors,1,2000-02-11,2000-02-11,2000-02-17,^GSPC
E00002,new_york,FW,2000,TPR,TPR,Coach,1,2000-02-11,2000-02-11,2000-02-17,^GSPC
E00003,new_york,FW,2000,PVH,PVH,Calvin Klein; Tommy Hilfiger,2,2000-02-11,2000-02-11,2000-02-17,^GSPC
E00004,new_york,FW,2000,RL,RL,Ralph Lauren,1,2000-02-11,2000-02-11,2000-02-17,^GSPC
E00005,london,FW,2000,BRBY.L,BRBY.L,Burberry,1,2000-02-18,2000-02-18,2000-02-23,^FTSE
E00006,milan,FW,2000,KER.PA,KER.PA,Gucci; Bottega Veneta,2,2000-02-24,2000-02-24,2000-02-29,FTSEMIB.MI
E00007,milan,FW,2000,1913.HK,1913.HK,Prada; Miu Miu,2,2000-02-24,2000-02-24,2000-02-29,FTSEMIB.MI
E00008,milan,FW,2000,BC.MI,BC.MI,Brunello Cucinelli,1,2000-02-24,2000-02-24,2000-02-29,FTSEMIB.MI
E00009,milan,FW,2000,MONC.MI,MONC.MI,Moncler,1,2000-02-24,2000-02-24,2000-02-29,FTSEMIB.MI
E00010,milan,FW,2000,SFER.MI,SFER.MI,Salvatore Ferragamo,1,2000-02-24,2000-02-24,2000-02-29,FTSEMIB.MI
E00011,milan,FW,2000,MC.PA,MC.PA,Fendi,1,2000-02-24,2000-02-24,2000-02-29,FTSEMIB.MI
E00012,paris,FW,2000,MC.PA,MC.PA,Louis Vuitton; Dior; Loewe; Celine; Givenchy; Fendi,6,2000-03-01,2000-03-01,2000-03-06,^FCHI
E00013,paris,FW,2000,KER.PA,KER.PA,Saint Laurent; Balenciaga; Alexander McQueen,3,2000-03-01,2000-03-01,2000-03-06,^FCHI
E00014,paris,FW,2000,RMS.PA,RMS.PA,Hermès,1,2000-03-01,2000-03-01,2000-03-06,^FCHI
E00015,new_york,SS,2000,CPRI,CPRI,Michael Kors,1,2000-09-08,2000-09-08,2000-09-14,^GSPC
E00016,new_york,SS,2000,TPR,TPR,Coach,1,2000-09-08,2000-09-08,2000-09-14,^GSPC
E00017,new_york,SS,2000,PVH,PVH,Calvin Klein; Tommy Hilfiger,2,2000-09-08,2000-09-08,2000-09-14,^GSPC
E00018,new_york,SS,2000,RL,RL,Ralph Lauren,1,2000-09-08,2000-09-08,2000-09-14,^GSPC
E00019,london,SS,2000,BRBY.L,BRBY.L,Burberry,1,2000-09-15,2000-09-15,2000-09-20,^FTSE
E00020,milan,SS,2000,KER.PA,KER.PA,Gucci; Bottega Veneta,2,2000-09-21,2000-09-21,2000-09-26,FTSEMIB.MI
E00021,milan,SS,2000,1913.HK,1913.HK,Prada; Miu Miu,2,2000-09-21,2000-09-21,2000-09-26,FTSEMIB.MI
E00022,milan,SS,2000,BC.MI,BC.MI,Brunello Cucinelli,1,2000-09-21,2000-09-21,2000-09-26,FTSEMIB.MI
E00023,milan,SS,2000,MONC.MI,MONC.MI,Moncler,1,2000-09-21,2000-09-21,2000-09-26,FTSEMIB.MI
E00024,milan,SS,2000,SFER.MI,SFER.MI,Salvatore Ferragamo,1,2000-09-21,2000-09-21,2000-09-26,FTSEMIB.MI
E00025,milan,SS,2000,MC.PA,MC.PA,Fendi,1,2000-09-21,2000-09-21,2000-09-26,FTSEMIB.MI
E00026,paris,SS,2000,MC.PA,MC.PA,Louis Vuitton; Dior; Loewe; Celine; Givenchy; Fendi,6,2000-09-27,2000-09-27,2000-10-02,^FCHI
E00027,paris,SS,2000,KER.PA,KER.PA,Saint Laurent; Balenciaga; Alexander McQueen,3,2000-09-27,2000-09-27,2000-10-02,^FCHI
E00028,paris,SS,2000,RMS.PA,RMS.PA,Hermès,1,2000-09-27,2000-09-27,2000-10-02,^FCHI
E00029,new_york,FW,2001,CPRI,CPRI,Michael Kors,1,2001-02-09,2001-02-09,2001-02-15,^GSPC
E00030,new_york,FW,2001,TPR,TPR,Coach,1,2001-02-09,2001-02-09,2001-02-15,^GSPC
E00031,new_york,FW,2001,PVH,PVH,Calvin Klein; Tommy Hilfiger,2,2001-02-09,2001-02-09,2001-02-15,^GSPC
E00032,new_york,FW,2001,RL,RL,Ralph Lauren,1,2001-02-09,2001-02-09,2001-02-15,^GSPC
E00033,london,FW,2001,BRBY.L,BRBY.L,Burberry,1,2001-02-16,2001-02-16,2001-02-21,^FTSE
E00034,milan,FW,2001,KER.PA,KER.PA,Gucci; Bottega Veneta,2,2001-02-22,2001-02-22,2001-02-27,FTSEMIB.MI
E00035,milan,FW,2001,1913.HK,1913.HK,Prada; Miu Miu,2,2001-02-22,2001-02-22,2001-02-27,FTSEMIB.MI
E00036,milan,FW,2001,BC.MI,BC.MI,Brunello Cucinelli,1,2001-02-22,2001-02-22,2001-02-27,FTSEMIB.MI
E00037,milan,FW,2001,MONC.MI,MONC.MI,Moncler,1,2001-02-22,2001-02-22,2001-02-27,FTSEMIB.MI
E00038,milan,FW,2001,SFER.MI,SFER.MI,Salvatore Ferragamo,1,2001-02-22,2001-02-22,2001-02-27,FTSEMIB.MI
E00039,milan,FW,2001,MC.PA,MC.PA,Fendi,1,2001-02-22,2001-02-22,2001-02-27,FTSEMIB.MI
E00040,paris,FW,2001,MC.PA,MC.PA,Louis Vuitton; Dior; Loewe; Celine; Givenchy; Fendi,6,2001-02-28,2001-02-28,2001-03-05,^FCHI
E00041,paris,FW,2001,KER.PA,KER.PA,Saint Laurent; Balenciaga; Alexander McQueen,3,2001-02-28,2001-02-28,2001-03-05,^FCHI
E00042,paris,FW,2001,RMS.PA,RMS.PA,Hermès,1,2001-02-28,2001-02-28,2001-03-05,^FCHI
E00043,new_york,SS,2001,CPRI,CPRI,Michael Kors,1,2001-09-07,2001-09-07,2001-09-13,^GSPC
E00044,new_york,SS,2001,TPR,TPR,Coach,1,2001-09-07,2001-09-07,2001-09-13,^GSPC
E00045,new_york,SS,2001,PVH,PVH,Calvin Klein; Tommy Hilfiger,2,2001-09-07,2001-09-07,2001-09-13,^GSPC
E00046,new_york,SS,2001,RL,RL,Ralph Lauren,1,2001-09-07,2001-09-07,2001-09-13,^GSPC
E00047,london,SS,2001,BRBY.L,BRBY.L,Burberry,1,2001-09-14,2001-09-14,2001-09-19,^FTSE
E00048,milan,SS,2001,KER.PA,KER.PA,Gucci; Bottega Veneta,2,2001-09-20,2001-09-20,2001-09-25,FTSEMIB.MI
E00049,milan,SS,2001,1913.HK,1913.HK,Prada; Miu Miu,2,2001-09-20,2001-09-20,2001-09-25,FTSEMIB.MI
E00050,milan,SS,2001,BC.MI,BC.MI,Brunello Cucinelli,1,2001-09-20,2001-09-20,2001-09-25,FTSEMIB.MI
E00051,milan,SS,2001,MONC.MI,MONC.MI,Moncler,1,2001-09-20,2001-09-20,2001-09-25,FTSEMIB.MI
E00052,milan,SS,2001,SFER.MI,SFER.MI,Salvatore Ferragamo,1,2001-09-20,2001-09-20,2001-09-25,FTSEMIB.MI
E00053,milan,SS,2001,MC.PA,MC.PA,Fendi,1,2001-09-20,2001-09-20,2001-09-25,FTSEMIB.MI
E00054,paris,SS,2001,MC.PA,MC.PA,Louis Vuitton; Dior; Loewe; Celine; Givenchy; Fendi,6,2001-09-26,2001-09-26,2001-10-01,^FCHI
E00055,paris,SS,2001,KER.PA,KER.PA,Saint Laurent; Balenciaga; Alexander McQueen,3,2001-09-26,2001-09-26,2001-10-01,^FCHI
E00056,paris,SS,2001,RMS.PA,RMS.PA,Hermès,1,2001-09-26,2001-09-26,2001-10-01,^FCHI
E00057,new_york,FW,2002,CPRI,CPRI,Michael Kors,1,2002-02-08,2002-02-08,2002-02-14,^GSPC
E00058,new_york,FW,2002,TPR,TPR,Coach,1,2002-02-08,2002-02-08,2002-02-14,^GSPC
E00059,new_york,FW,2002,PVH,PVH,Calvin Klein; Tommy Hilfiger,2,2002-02-08,2002-02-08,2002-02-14,^GSPC
E00060,new_york,FW,2002,RL,RL,Ralph Lauren,1,2002-02-08,2002-02-08,2002-02-14,^GSPC
E00061,london,FW,2002,BRBY.L,BRBY.L,Burberry,1,2002-02-15,2002-02-15,2002-02-20,^FTSE
E00062,milan,FW,2002,KER.PA,KER.PA,Gucci; Bottega Veneta,2,2002-02-21,2002-02-21,2002-02-26,FTSEMIB.MI
E00063,milan,FW,2002,1913.HK,1913.HK,Prada; Miu Miu,2,2002-02-21,2002-02-21,2002-02-26,FTSEMIB.MI
E00064,milan,FW,2002,BC.MI,BC.MI,Brunello Cucinelli,1,2002-02-21,2002-02-21,2002-02-26,FTSEMIB.MI
E00065,milan,FW,2002,MONC.MI,MONC.MI,Moncler,1,2002-02-21,2002-02-21,2002-02-26,FTSEMIB.MI
E00066,milan,FW,2002,SFER.MI,SFER.MI,Salvatore Ferragamo,1,2002-02-21,2002-02-21,2002-02-26,FTSEMIB.MI
E00067,milan,FW,2002,MC.PA,MC.PA,Fendi,1,2002-02-21,2002-02-21,2002-02-26,FTSEMIB.MI
E00068,paris,FW,2002,MC.PA,MC.PA,Louis Vuitton; Dior; Loewe; Celine; Givenchy; Fendi,6,2002-02-27,2002-02-27,2002-03-04,^FCHI
E00069,paris,FW,2002,KER.PA,KER.PA,Saint Laurent; Balenciaga; Alexander McQueen,3,2002-02-27,2002-02-27,2002-03-04,^FCHI
E00070,paris,FW,2002,RMS.PA,RMS.PA,Hermès,1,2002-02-27,2002-02-27,2002-03-04,^FCHI
E00071,new_york,SS,2002,CPRI,CPRI,Michael Kors,1,2002-09-13,2002-09-13,2002-09-19,^GSPC
E00072,new_york,SS,2002,TPR,TPR,Coach,1,2002-09-13,2002-09-13,2002-09-19,^GSPC
E00073,new_york,SS,2002,PVH,PVH,Calvin Klein; Tommy Hilfiger,2,2002-09-13,2002-09-13,2002-09-19,^GSPC
E00074,new_york,SS,2002,RL,RL,Ralph Lauren,1,2002-09-13,2002-09-13,2002-09-19,^GSPC
E00075,london,SS,2002,BRBY.L,BRBY.L,Burberry,1,2002-09-20,2002-09-20,2002-09-25,^FTSE
E00076,milan,SS,2002,KER.PA,KER.PA,Gucci; Bottega Veneta,2,2002-09-26,2002-09-26,2002-10-01,FTSEMIB.MI
E00077,milan,SS,2002,1913.HK,1913.HK,Prada; Miu Miu,2,2002-09-26,2002-09-26,2002-10-01,FTSEMIB.MI
E00078,milan,SS,2002,BC.MI,BC.MI,Brunello Cucinelli,1,2002-09-26,2002-09-26,2002-10-01,FTSEMIB.MI
E00079,milan,SS,2002,MONC.MI,MONC.MI,Moncler,1,2002-09-26,2002-09-26,2002-10-01,FTSEMIB.MI
E00080,milan,SS,2002,SFER.MI,SFER.MI,Salvatore Ferragamo,1,2002-09-26,2002-09-26,2002-10-01,FTSEMIB.MI
E00081,milan,SS,2002,MC.PA,MC.PA,Fendi,1,2002-09-26,2002-09-26,2002-10-01,FTSEMIB.MI
E00082,paris,SS,2002,MC.PA,MC.PA,Louis Vuitton; Dior; Loewe; Celine; Givenchy; Fendi,6,2002-10-02,2002-10-02,2002-10-07,^FCHI
E00083,paris,SS,2002,KER.PA,KER.PA,Saint Laurent; Balenciaga; Alexander McQueen,3,2002-10-02,2002-10-02,2002-10-07,^FCHI
E00084,paris,SS,2002,RMS.PA,RMS.PA,Hermès,1,2002-10-02,2002-10-02,2002-10-07,^FCHI
E00085,new_york,FW,2003,CPRI,CPRI,Michael Kors,1,2003-02-07,2003-02-07,2003-02-13,^GSPC
E00086,new_york,FW,2003,TPR,TPR,Coach,1,2003-02-07,2003-02-07,2003-02-13,^GSPC
E00087,new_york,FW,2003,PVH,PVH,Calvin Klein; Tommy Hilfiger,2,2003-02-07,2003-02-07,2003-02-13,^GSPC
E00088,new_york,FW,2003,RL,RL,Ralph Lauren,1,2003-02-07,2003-02-07,2003-02-13,^GSPC
E00089,london,FW,2003,BRBY.L,BRBY.L,Burberry,1,2003-02-14,2003-02-14,2003-02-19,^FTSE
E00090,milan,FW,2003,KER.PA,KER.PA,Gucci; Bottega Veneta,2,2003-02-20,2003-02-20,2003-02-25,FTSEMIB.MI
E00091,milan,FW,2003,1913.HK,1913.HK,Prada; Miu Miu,2,2003-02-20,2003-02-20,2003-02-25,FTSEMIB.MI
E00092,milan,FW,2003,BC.MI,BC.MI,Brunello Cucinelli,1,2003-02-20,2003-02-20,2003-02-25,FTSEMIB.MI
E00093,milan,FW,2003,MONC.MI,MONC.MI,Moncler,1,2003-02-20,2003-02-20,2003-02-25,FTSEMIB.MI
E00094,milan,FW,2003,SFER.MI,SFER.MI,Salvatore Ferragamo,1,2003-02-20,2003-02-20,2003-02-25,FTSEMIB.MI
E00095,milan,FW,2003,MC.PA,MC.PA,Fendi,1,2003-02-20,2003-02-20,2003-02-25,FTSEMIB.MI
E00096,paris,FW,2003,MC.PA,MC.PA,Louis Vuitton; Dior; Loewe; Celine; Givenchy; Fendi,6,2003-02-26,2003-02-26,2003-03-03,^FCHI
E00097,paris,FW,2003,KER.PA,KER.PA,Saint Laurent; Balenciaga; Alexander McQueen,3,2003-02-26,2003-02-26,2003-03-03,^FCHI
E00098,paris,FW,2003,RMS.PA,RMS.PA,Hermès,1,2003-02-26,2003-02-26,2003-03-03,^FCHI
E00099,new_york,SS,2003,CPRI,CPRI,Michael Kors,1,2003-09-12,2003-09-12,2003-09-18,^GSPC
E00100,new_york,SS,2003,TPR,TPR,Coach,1,2003-09-12,2003-09-12,2003-09-18,^GSPC
E00101,new_york,SS,2003,PVH,PVH,Calvin Klein; Tommy Hilfiger,2,2003-09-12,2003-09-12,2003-09-18,^GSPC
E00102,new_york,SS,2003,RL,RL,Ralph Lauren,1,2003-09-12,2003-09-12,2003-09-18,^GSPC
E00103,london,SS,2003,BRBY.L,BRBY.L,Burberry,1,2003-09-19,2003-09-19,2003-09-24,^FTSE
E00104,milan,SS,2003,KER.PA,KER.PA,Gucci; Bottega Veneta,2,2003-09-25,2003-09-25,2003-09-30,FTSEMIB.MI
E00105,milan,SS,2003,1913.HK,1913.HK,Prada; Miu Miu,2,2003-09-25,2003-09-25,2003-09-30,FTSEMIB.MI
E00106,milan,SS,2003,BC.MI,BC.MI,Brunello Cucinelli,1,2003-09-25,2003-09-25,2003-09-30,FTSEMIB.MI
E00107,milan,SS,2003,MONC.MI,MONC.MI,Moncler,1,2003-09-25,2003-09-25,2003-09-30,FTSEMIB.MI
E00108,milan,SS,2003,SFER.MI,SFER.MI,Salvatore Ferragamo,1,2003-09-25,2003-09-25,2003-09-30,FTSEMIB.MI
E00109,milan,SS,2003,MC.PA,MC.PA,Fendi,1,2003-09-25,2003-09-25,2003-09-30,FTSEMIB.MI
E00110,paris,SS,2003,MC.PA,MC.PA,Louis Vuitton; Dior; Loewe; Celine; Givenchy; Fendi,6,2003-10-01,2003-10-01,2003-10-06,^FCHI
E00111,paris,SS,2003,KER.PA,KER.PA,Saint Laurent; Balenciaga; Alexander McQueen,3,2003-10-01,2003-10-01,2003-10-06,^FCHI
E00112,paris,SS,2003,RMS.PA,RMS.PA,Hermès,1,2003-10-01,2003-10-01,2003-10-06,^FCHI
E00113,new_york,FW,2004,CPRI,CPRI,Michael Kors,1,2004-02-13,2004-02-13,2004-02-19,^GSPC
E00114,new_york,FW,2004,TPR,TPR,Coach,1,2004-02-13,2004-02-13,2004-02-19,^GSPC
E00115,new_york,FW,2004,PVH,PVH,Calvin Klein; Tommy Hilfiger,2,2004-02-13,2004-02-13,2004-02-19,^GSPC
E00116,new_york,FW,2004,RL,RL,Ralph Lauren,1,2004-02-13,2004-02-13,2004-02-19,^GSPC
E00117,london,FW,2004,BRBY.L,BRBY.L,Burberry,1,2004-02-20,2004-02-20,2004-02-25,^FTSE
E00118,milan,FW,2004,KER.PA,KER.PA,Gucci; Bottega Veneta,2,2004-02-26,2004-02-26,2004-03-02,FTSEMIB.MI
E00119,milan,FW,2004,1913.HK,1913.HK,Prada; Miu Miu,2,2004-02-26,2004-02-26,2004-03-02,FTSEMIB.MI
E00120,milan,FW,2004,BC.MI,BC.MI,Brunello Cucinelli,1,2004-02-26,2004-02-26,2004-03-02,FTSEMIB.MI
E00121,milan,FW,2004,MONC.MI,MONC.MI,Moncler,1,2004-02-26,2004-02-26,2004-03-02,FTSEMIB.MI
E00122,milan,FW,2004,SFER.MI,SFER.MI,Salvatore Ferragamo,1,2004-02-26,2004-02-26,2004-03-02,FTSEMIB.MI
E00123,milan,FW,2004,MC.PA,MC.PA,Fendi,1,2004-02-26,2004-02-26,2004-03-02,FTSEMIB.MI
E00124,paris,FW,2004,MC.PA,MC.PA,Louis Vuitton; Dior; Loewe; Celine; Givenchy; Fendi,6,2004-03-03,2004-03-03,2004-03-08,^FCHI
E00125,paris,FW,2004,KER.PA,KER.PA,Saint Laurent; Balenciaga; Alexander McQueen,3,2004-03-03,2004-03-03,2004-03-08,^FCHI
E00126,paris,FW,2004,RMS.PA,RMS.PA,Hermès,1,2004-03-03,2004-03-03,2004-03-08,^FCHI
E00127,new_york,SS,2004,CPRI,CPRI,Michael Kors,1,2004-09-10,2004-09-10,2004-09-16,^GSPC
E00128,new_york,SS,2004,TPR,TPR,Coach,1,2004-09-10,2004-09-10,2004-09-16,^GSPC
E00129,new_york,SS,2004,PVH,PVH,Calvin Klein; Tommy Hilfiger,2,2004-09-10,2004-09-10,2004-09-16,^GSPC
E00130,new_york,SS,2004,RL,RL,Ralph Lauren,1,2004-09-10,2004-09-10,2004-09-16,^GSPC
E00131,london,SS,2004,BRBY.L,BRBY.L,Burberry,1,2004-09-17,2004-09-17,2004-09-22,^FTSE
E00132,milan,SS,2004,KER.PA,KER.PA,Gucci; Bottega Veneta,2,2004-09-23,2004-09-23,2004-09-28,FTSEMIB.MI
E00133,milan,SS,2004,1913.HK,1913.HK,Prada; Miu Miu,2,2004-09-23,2004-09-23,2004-09-28,FTSEMIB.MI
E00134,milan,SS,2004,BC.MI,BC.MI,Brunello Cucinelli,1,2004-09-23,2004-09-23,2004-09-28,FTSEMIB.MI
E00135,milan,SS,2004,MONC.MI,MONC.MI,Moncler,1,2004-09-23,2004-09-23,2004-09-28,FTSEMIB.MI
E00136,milan,SS,2004,SFER.MI,SFER.MI,Salvatore Ferragamo,1,2004-09-23,2004-09-23,2004-09-28,FTSEMIB.MI
E00137,milan,SS,2004,MC.PA,MC.PA,Fendi,1,2004-09-23,2004-09-23,2004-09-28,FTSEMIB.MI
E00138,paris,SS,2004,MC.PA,MC.PA,Louis Vuitton; Dior; Loewe; Celine; Givenchy; Fendi,6,2004-09-29,2004-09-29,2004-10-04,^FCHI
E00139,paris,SS,2004,KER.PA,KER.PA,Saint Laurent; Balenciaga; Alexander McQueen,3,2004-09-29,2004-09-29,2004-10-04,^FCHI
E00140,paris,SS,2004,RMS.PA,RMS.PA,Hermès,1,2004-09-29,2004-09-29,2004-10-04,^FCHI
E00141,new_york,FW,2005,CPRI,CPRI,Michael Kors,1,2005-02-11,2005-02-11,2005-02-17,^GSPC
E00142,new_york,FW,2005,TPR,TPR,Coach,1,2005-02-11,2005-02-11,2005-02-17,^GSPC
E00143,new_york,FW,2005,PVH,PVH,Calvin Klein; Tommy Hilfiger,2,2005-02-11,2005-02-11,2005-02-17,^GSPC
E00144,new_york,FW,2005,RL,RL,Ralph Lauren,1,2005-02-11,2005-02-11,2005-02-17,^GSPC
E00145,london,FW,2005,BRBY.L,BRBY.L,Burberry,1,2005-02-18,2005-02-18,2005-02-23,^FTSE
E00146,milan,FW,2005,KER.PA,KER.PA,Gucci; Bottega Veneta,2,2005-02-24,2005-02-24,2005-03-01,FTSEMIB.MI
E00147,milan,FW,2005,1913.HK,1913.HK,Prada; Miu Miu,2,2005-02-24,2005-02-24,2005-03-01,FTSEMIB.MI
E00148,milan,FW,2005,BC.MI,BC.MI,Brunello Cucinelli,1,2005-02-24,2005-02-24,2005-03-01,FTSEMIB.MI
E00149,milan,FW,2005,MONC.MI,MONC.MI,Moncler,1,2005-02-24,2005-02-24,2005-03-01,FTSEMIB.MI
E00150,milan,FW,2005,SFER.MI,SFER.MI,Salvatore Ferragamo,1,2005-02-24,2005-02-24,2005-03-01,FTSEMIB.MI
E00151,milan,FW,2005,MC.PA,MC.PA,Fendi,1,2005-02-24,2005-02-24,2005-03-01,FTSEMIB.MI
E00152,paris,FW,2005,MC.PA,MC.PA,Louis Vuitton; Dior; Loewe; Celine; Givenchy; Fendi,6,2005-03-02,2005-03-02,2005-03-07,^FCHI
E00153,paris,FW,2005,KER.PA,KER.PA,Saint Laurent; Balenciaga; Alexander McQueen,3,2005-03-02,2005-03-02,2005-03-07,^FCHI
E00154,paris,FW,2005,RMS.PA,RMS.PA,Hermès,1,2005-03-02,2005-03-02,2005-03-07,^FCHI
E00155,new_york,SS,2005,CPRI,CPRI,Michael Kors,1,2005-09-09,2005-09-09,2005-09-15,^GSPC
E00156,new_york,SS,2005,TPR,TPR,Coach,1,2005-09-09,2005-09-09,2005-09-15,^GSPC
E00157,new_york,SS,2005,PVH,PVH,Calvin Klein; Tommy Hilfiger,2,2005-09-09,2005-09-09,2005-09-15,^GSPC
E00158,new_york,SS,2005,RL,RL,Ralph Lauren,1,2005-09-09,2005-09-09,2005-09-15,^GSPC
E00159,london,SS,2005,BRBY.L,BRBY.L,Burberry,1,2005-09-16,2005-09-16,2005-09-21,^FTSE
E00160,milan,SS,2005,KER.PA,KER.PA,Gucci; Bottega Veneta,2,2005-09-22,2005-09-22,2005-09-27,FTSEMIB.MI
E00161,milan,SS,2005,1913.HK,1913.HK,Prada; Miu Miu,2,2005-09-22,2005-09-22,2005-09-27,FTSEMIB.MI
E00162,milan,SS,2005,BC.MI,BC.MI,Brunello Cucinelli,1,2005-09-22,2005-09-22,2005-09-27,FTSEMIB.MI
E00163,milan,SS,2005,MONC.MI,MONC.MI,Moncler,1,2005-09-22,2005-09-22,2005-09-27,FTSEMIB.MI
E00164,milan,SS,2005,SFER.MI,SFER.MI,Salvatore Ferragamo,1,2005-09-22,2005-09-22,2005-09-27,FTSEMIB.MI
E00165,milan,SS,2005,MC.PA,MC.PA,Fendi,1,2005-09-22,2005-09-22,2005-09-27,FTSEMIB.MI
E00166,paris,SS,2005,MC.PA,MC.PA,Louis Vuitton; Dior; Loewe; Celine; Givenchy; Fendi,6,2005-09-28,2005-09-28,2005-10-03,^FCHI
E00167,paris,SS,2005,KER.PA,KER.PA,Saint Laurent; Balenciaga; Alexander McQueen,3,2005-09-28,2005-09-28,2005-10-03,^FCHI
E00168,paris,SS,2005,RMS.PA,RMS.PA,Hermès,1,2005-09-28,2005-09-28,2005-10-03,^FCHI
E00169,new_york,FW,2006,CPRI,CPRI,Michael Kors,1,2006-02-10,2006-02-10,2006-02-16,^GSPC
E00170,new_york,FW,2006,TPR,TPR,Coach,1,2006-02-10,2006-02-10,2006-02-16,^GSPC
E00171,new_york,FW,2006,PVH,PVH,Calvin Klein; Tommy Hilfiger,2,2006-02-10,2006-02-10,2006-02-16,^GSPC
E00172,new_york,FW,2006,RL,RL,Ralph Lauren,1,2006-02-10,2006-02-10,2006-02-16,^GSPC
E00173,london,FW,2006,BRBY.L,BRBY.L,Burberry,1,2006-02-17,2006-02-17,2006-02-22,^FTSE
E00174,milan,FW,2006,KER.PA,KER.PA,Gucci; Bottega Veneta,2,2006-02-23,2006-02-23,2006-02-28,FTSEMIB.MI
E00175,milan,FW,2006,1913.HK,1913.HK,Prada; Miu Miu,2,2006-02-23,2006-02-23,2006-02-28,FTSEMIB.MI
E00176,milan,FW,2006,BC.MI,BC.MI,Brunello Cucinelli,1,2006-02-23,2006-02-23,2006-02-28,FTSEMIB.MI
E00177,milan,FW,2006,MONC.MI,MONC.MI,Moncler,1,2006-02-23,2006-02-23,2006-02-28,FTSEMIB.MI
E00178,milan,FW,2006,SFER.MI,SFER.MI,Salvatore Ferragamo,1,2006-02-23,2006-02-23,2006-02-28,FTSEMIB.MI
E00179,milan,FW,2006,MC.PA,MC.PA,Fendi,1,2006-02-23,2006-02-23,2006-02-28,FTSEMIB.MI
E00180,paris,FW,2006,MC.PA,MC.PA,Louis Vuitton; Dior; Loewe; Celine; Givenchy; Fendi,6,2006-03-01,2006-03-01,2006-03-06,^FCHI
E00181,paris,FW,2006,KER.PA,KER.PA,Saint Laurent; Balenciaga; Alexander McQueen,3,2006-03-01,2006-03-01,2006-03-06,^FCHI
E00182,paris,FW,2006,RMS.PA,RMS.PA,Hermès,1,2006-03-01,2006-03-01,2006-03-06,^FCHI
E00183,new_york,SS,2006,CPRI,CPRI,Michael Kors,1,2006-09-08,2006-09-08,2006-09-14,^GSPC
E00184,new_york,SS,2006,TPR,TPR,Coach,1,2006-09-08,2006-09-08,2006-09-14,^GSPC
E00185,new_york,SS,2006,PVH,PVH,Calvin Klein; Tommy Hilfiger,2,2006-09-08,2006-09-08,2006-09-14,^GSPC
E00186,new_york,SS,2006,RL,RL,Ralph Lauren,1,2006-09-08,2006-09-08,2006-09-14,^GSPC
E00187,london,SS,2006,BRBY.L,BRBY.L,Burberry,1,2006-09-15,2006-09-15,2006-09-20,^FTSE
E00188,milan,SS,2006,KER.PA,KER.PA,Gucci; Bottega Veneta,2,2006-09-21,2006-09-21,2006-09-26,FTSEMIB.MI
E00189,milan,SS,2006,1913.HK,1913.HK,Prada; Miu Miu,2,2006-09-21,2006-09-21,2006-09-26,FTSEMIB.MI
E00190,milan,SS,2006,BC.MI,BC.MI,Brunello Cucinelli,1,2006-09-21,2006-09-21,2006-09-26,FTSEMIB.MI
E00191,milan,SS,2006,MONC.MI,MONC.MI,Moncler,1,2006-09-21,2006-09-21,2006-09-26,FTSEMIB.MI
E00192,milan,SS,2006,SFER.MI,SFER.MI,Salvatore Ferragamo,1,2006-09-21,2006-09-21,2006-09-26,FTSEMIB.MI
E00193,milan,SS,2006,MC.PA,MC.PA,Fendi,1,2006-09-21,2006-09-21,2006-09-26,FTSEMIB.MI
E00194,paris,SS,2006,MC.PA,MC.PA,Louis Vuitton; Dior; Loewe; Celine; Givenchy; Fendi,6,2006-09-27,2006-09-27,2006-10-02,^FCHI
E00195,paris,SS,2006,KER.PA,KER.PA,Saint Laurent; Balenciaga; Alexander McQueen,3,2006-09-27,2006-09-27,2006-10-02,^FCHI
E00196,paris,SS,2006,RMS.PA,RMS.PA,Hermès,1,2006-09-27,2006-09-27,2006-10-02,^FCHI
E00197,new_york,FW,2007,CPRI,CPRI,Michael Kors,1,2007-02-09,2007-02-09,2007-02-15,^GSPC
E00198,new_york,FW,2007,TPR,TPR,Coach,1,2007-02-09,2007-02-09,2007-02-15,^GSPC
E00199,new_york,FW,2007,PVH,PVH,Calvin Klein; Tommy Hilfiger,2,2007-02-09,2007-02-09,2007-02-15,^GSPC
E00200,new_york,FW,2007,RL,RL,Ralph Lauren,1,2007-02-09,2007-02-09,2007-02-15,^GSPC
E00201,london,FW,2007,BRBY.L,BRBY.L,Burberry,1,2007-02-16,2007-02-16,2007-02-21,^FTSE
E00202,milan,FW,2007,KER.PA,KER.PA,Gucci; Bottega Veneta,2,2007-02-22,2007-02-22,2007-02-27,FTSEMIB.MI
E00203,milan,FW,2007,1913.HK,1913.HK,Prada; Miu Miu,2,2007-02-22,2007-02-22,2007-02-27,FTSEMIB.MI
E00204,milan,FW,2007,BC.MI,BC.MI,Brunello Cucinelli,1,2007-02-22,2007-02-22,2007-02-27,FTSEMIB.MI
E00205,milan,FW,2007,MONC.MI,MONC.MI,Moncler,1,2007-02-22,2007-02-22,2007-02-27,FTSEMIB.MI
E00206,milan,FW,2007,SFER.MI,SFER.MI,Salvatore Ferragamo,1,2007-02-22,2007-02-22,2007-02-27,FTSEMIB.MI
E00207,milan,FW,2007,MC.PA,MC.PA,Fendi,1,2007-02-22,2007-02-22,2007-02-27,FTSEMIB.MI
E00208,paris,FW,2007,MC.PA,MC.PA,Louis Vuitton; Dior; Loewe; Celine; Givenchy; Fendi,6,2007-02-28,2007-02-28,2007-03-05,^FCHI
E00209,paris,FW,2007,KER.PA,KER.PA,Saint Laurent; Balenciaga; Alexander McQueen,3,2007-02-28,2007-02-28,2007-03-05,^FCHI
E00210,paris,FW,2007,RMS.PA,RMS.PA,Hermès,1,2007-02-28,2007-02-28,2007-03-05,^FCHI
E00211,new_york,SS,2007,CPRI,CPRI,Michael Kors,1,2007-09-07,2007-09-07,2007-09-13,^GSPC
E00212,new_york,SS,2007,TPR,TPR,Coach,1,2007-09-07,2007-09-07,2007-09-13,^GSPC
E00213,new_york,SS,2007,PVH,PVH,Calvin Klein; Tommy Hilfiger,2,2007-09-07,2007-09-07,2007-09-13,^GSPC
E00214,new_york,SS,2007,RL,RL,Ralph Lauren,1,2007-09-07,2007-09-07,2007-09-13,^GSPC
E00215,london,SS,2007,BRBY.L,BRBY.L,Burberry,1,2007-09-14,2007-09-14,2007-09-19,^FTSE
E00216,milan,SS,2007,KER.PA,KER.PA,Gucci; Bottega Veneta,2,2007-09-20,2007-09-20,2007-09-25,FTSEMIB.MI
E00217,milan,SS,2007,1913.HK,1913.HK,Prada; Miu Miu,2,2007-09-20,2007-09-20,2007-09-25,FTSEMIB.MI
E00218,milan,SS,2007,BC.MI,BC.MI,Brunello Cucinelli,1,2007-09-20,2007-09-20,2007-09-25,FTSEMIB.MI
E00219,milan,SS,2007,MONC.MI,MONC.MI,Moncler,1,2007-09-20,2007-09-20,2007-09-25,FTSEMIB.MI
E00220,milan,SS,2007,SFER.MI,SFER.MI,Salvatore Ferragamo,1,2007-09-20,2007-09-20,2007-09-25,FTSEMIB.MI
E00221,milan,SS,2007,MC.PA,MC.PA,Fendi,1,2007-09-20,2007-09-20,2007-09-25,FTSEMIB.MI
E00222,paris,SS,2007,MC.PA,MC.PA,Louis Vuitton; Dior; Loewe; Celine; Givenchy; Fendi,6,2007-09-26,2007-09-26,2007-10-01,^FCHI
E00223,paris,SS,2007,KER.PA,KER.PA,Saint Laurent; Balenciaga; Alexander McQueen,3,2007-09-26,2007-09-26,2007-10-01,^FCHI
E00224,paris,SS,2007,RMS.PA,RMS.PA,Hermès,1,2007-09-26,2007-09-26,2007-10-01,^FCHI
E00225,new_york,FW,2008,CPRI,CPRI,Michael Kors,1,2008-02-08,2008-02-08,2008-02-14,^GSPC
E00226,new_york,FW,2008,TPR,TPR,Coach,1,2008-02-08,2008-02-08,2008-02-14,^GSPC
E00227,new_york,FW,2008,PVH,PVH,Calvin Klein; Tommy Hilfiger,2,2008-02-08,2008-02-08,2008-02-14,^GSPC
E00228,new_york,FW,2008,RL,RL,Ralph Lauren,1,2008-02-08,2008-02-08,2008-02-14,^GSPC
E00229,london,FW,2008,BRBY.L,BRBY.L,Burberry,1,2008-02-15,2008-02-15,2008-02-20,^FTSE
E00230,milan,FW,2008,KER.PA,KER.PA,Gucci; Bottega Veneta,2,2008-02-21,2008-02-21,2008-02-26,FTSEMIB.MI
E00231,milan,FW,2008,1913.HK,1913.HK,Prada; Miu Miu,2,2008-02-21,2008-02-21,2008-02-26,FTSEMIB.MI
E00232,milan,FW,2008,BC.MI,BC.MI,Brunello Cucinelli,1,2008-02-21,2008-02-21,2008-02-26,FTSEMIB.MI
E00233,milan,FW,2008,MONC.MI,MONC.MI,Moncler,1,2008-02-21,2008-02-21,2008-02-26,FTSEMIB.MI
E00234,milan,FW,2008,SFER.MI,SFER.MI,Salvatore Ferragamo,1,2008-02-21,2008-02-21,2008-02-26,FTSEMIB.MI
E00235,milan,FW,2008,MC.PA,MC.PA,Fendi,1,2008-02-21,2008-02-21,2008-02-26,FTSEMIB.MI
E00236,paris,FW,2008,MC.PA,MC.PA,Louis Vuitton; Dior; Loewe; Celine; Givenchy; Fendi,6,2008-02-27,2008-02-27,2008-03-03,^FCHI
E00237,paris,FW,2008,KER.PA,KER.PA,Saint Laurent; Balenciaga; Alexander McQueen,3,2008-02-27,2008-02-27,2008-03-03,^FCHI
E00238,paris,FW,2008,RMS.PA,RMS.PA,Hermès,1,2008-02-27,2008-02-27,2008-03-03,^FCHI
E00239,new_york,SS,2008,CPRI,CPRI,Michael Kors,1,2008-09-12,2008-09-12,2008-09-18,^GSPC
E00240,new_york,SS,2008,TPR,TPR,Coach,1,2008-09-12,2008-09-12,2008-09-18,^GSPC
E00241,new_york,SS,2008,PVH,PVH,Calvin Klein; Tommy Hilfiger,2,2008-09-12,2008-09-12,2008-09-18,^GSPC
E00242,new_york,SS,2008,RL,RL,Ralph Lauren,1,2008-09-12,2008-09-12,2008-09-18,^GSPC
E00243,london,SS,2008,BRBY.L,BRBY.L,Burberry,1,2008-09-19,2008-09-19,2008-09-24,^FTSE
E00244,milan,SS,2008,KER.PA,KER.PA,Gucci; Bottega Veneta,2,2008-09-25,2008-09-25,2008-09-30,FTSEMIB.MI
E00245,milan,SS,2008,1913.HK,1913.HK,Prada; Miu Miu,2,2008-09-25,2008-09-25,2008-09-30,FTSEMIB.MI
E00246,milan,SS,2008,BC.MI,BC.MI,Brunello Cucinelli,1,2008-09-25,2008-09-25,2008-09-30,FTSEMIB.MI
E00247,milan,SS,2008,MONC.MI,MONC.MI,Moncler,1,2008-09-25,2008-09-25,2008-09-30,FTSEMIB.MI
E00248,milan,SS,2008,SFER.MI,SFER.MI,Salvatore Ferragamo,1,2008-09-25,2008-09-25,2008-09-30,FTSEMIB.MI
E00249,milan,SS,2008,MC.PA,MC.PA,Fendi,1,2008-09-25,2008-09-25,2008-09-30,FTSEMIB.MI
E00250,paris,SS,2008,MC.PA,MC.PA,Louis Vuitton; Dior; Loewe; Celine; Givenchy; Fendi,6,2008-10-01,2008-10-01,2008-10-06,^FCHI
E00251,paris,SS,2008,KER.PA,KER.PA,Saint Laurent; Balenciaga; Alexander McQueen,3,2008-10-01,2008-10-01,2008-10-06,^FCHI
E00252,paris,SS,2008,RMS.PA,RMS.PA,Hermès,1,2008-10-01,2008-10-01,2008-10-06,^FCHI
E00253,new_york,FW,2009,CPRI,CPRI,Michael Kors,1,2009-02-13,2009-02-13,2009-02-19,^GSPC
E00254,new_york,FW,2009,TPR,TPR,Coach,1,2009-02-13,2009-02-13,2009-02-19,^GSPC
E00255,new_york,FW,2009,PVH,PVH,Calvin Klein; Tommy Hilfiger,2,2009-02-13,2009-02-13,2009-02-19,^GSPC
E00256,new_york,FW,2009,RL,RL,Ralph Lauren,1,2009-02-13,2009-02-13,2009-02-19,^GSPC
E00257,london,FW,2009,BRBY.L,BRBY.L,Burberry,1,2009-02-20,2009-02-20,2009-02-25,^FTSE
E00258,milan,FW,2009,KER.PA,KER.PA,Gucci; Bottega Veneta,2,2009-02-26,2009-02-26,2009-03-03,FTSEMIB.MI
E00259,milan,FW,2009,1913.HK,1913.HK,Prada; Miu Miu,2,2009-02-26,2009-02-26,2009-03-03,FTSEMIB.MI
E00260,milan,FW,2009,BC.MI,BC.MI,Brunello Cucinelli,1,2009-02-26,2009-02-26,2009-03-03,FTSEMIB.MI
E00261,milan,FW,2009,MONC.MI,MONC.MI,Moncler,1,2009-02-26,2009-02-26,2009-03-03,FTSEMIB.MI
E00262,milan,FW,2009,SFER.MI,SFER.MI,Salvatore Ferragamo,1,2009-02-26,2009-02-26,2009-03-03,FTSEMIB.MI
E00263,milan,FW,2009,MC.PA,MC.PA,Fendi,1,2009-02-26,2009-02-26,2009-03-03,FTSEMIB.MI
E00264,paris,FW,2009,MC.PA,MC.PA,Louis Vuitton; Dior; Loewe; Celine; Givenchy; Fendi,6,2009-03-04,2009-03-04,2009-03-09,^FCHI
E00265,paris,FW,2009,KER.PA,KER.PA,Saint Laurent; Balenciaga; Alexander McQueen,3,2009-03-04,2009-03-04,2009-03-09,^FCHI
E00266,paris,FW,2009,RMS.PA,RMS.PA,Hermès,1,2009-03-04,2009-03-04,2009-03-09,^FCHI
E00267,new_york,SS,2009,CPRI,CPRI,Michael Kors,1,2009-09-11,2009-09-11,2009-09-17,^GSPC
E00268,new_york,SS,2009,TPR,TPR,Coach,1,2009-09-11,2009-09-11,2009-09-17,^GSPC
E00269,new_york,SS,2009,PVH,PVH,Calvin Klein; Tommy Hilfiger,2,2009-09-11,2009-09-11,2009-09-17,^GSPC
E00270,new_york,SS,2009,RL,RL,Ralph Lauren,1,2009-09-11,2009-09-11,2009-09-17,^GSPC
E00271,london,SS,2009,BRBY.L,BRBY.L,Burberry,1,2009-09-18,2009-09-18,2009-09-23,^FTSE
E00272,milan,SS,2009,KER.PA,KER.PA,Gucci; Bottega Veneta,2,2009-09-24,2009-09-24,2009-09-29,FTSEMIB.MI
E00273,milan,SS,2009,1913.HK,1913.HK,Prada; Miu Miu,2,2009-09-24,2009-09-24,2009-09-29,FTSEMIB.MI
E00274,milan,SS,2009,BC.MI,BC.MI,Brunello Cucinelli,1,2009-09-24,2009-09-24,2009-09-29,FTSEMIB.MI
E00275,milan,SS,2009,MONC.MI,MONC.MI,Moncler,1,2009-09-24,2009-09-24,2009-09-29,FTSEMIB.MI
E00276,milan,SS,2009,SFER.MI,SFER.MI,Salvatore Ferragamo,1,2009-09-24,2009-09-24,2009-09-29,FTSEMIB.MI
E00277,milan,SS,2009,MC.PA,MC.PA,Fendi,1,2009-09-24,2009-09-24,2009-09-29,FTSEMIB.MI
E00278,paris,SS,2009,MC.PA,MC.PA,Louis Vuitton; Dior; Loewe; Celine; Givenchy; Fendi,6,2009-09-30,2009-09-30,2009-10-05,^FCHI
E00279,paris,SS,2009,KER.PA,KER.PA,Saint Laurent; Balenciaga; Alexander McQueen,3,2009-09-30,2009-09-30,2009-10-05,^FCHI
E00280,paris,SS,2009,RMS.PA,RMS.PA,Hermès,1,2009-09-30,2009-09-30,2009-10-05,^FCHI
E00281,new_york,FW,2010,CPRI,CPRI,Michael Kors,1,2010-02-12,2010-02-12,2010-02-18,^GSPC
E00282,new_york,FW,2010,TPR,TPR,Coach,1,2010-02-12,2010-02-12,2010-02-18,^GSPC
E00283,new_york,FW,2010,PVH,PVH,Calvin Klein; Tommy Hilfiger,2,2010-02-12,2010-02-12,2010-02-18,^GSPC
E00284,new_york,FW,2010,RL,RL,Ralph Lauren,1,2010-02-12,2010-02-12,2010-02-18,^GSPC
E00285,london,FW,2010,BRBY.L,BRBY.L,Burberry,1,2010-02-19,2010-02-19,2010-02-24,^FTSE
E00286,milan,FW,2010,KER.PA,KER.PA,Gucci; Bottega Veneta,2,2010-02-25,2010-02-25,2010-03-02,FTSEMIB.MI
E00287,milan,FW,2010,1913.HK,1913.HK,Prada; Miu Miu,2,2010-02-25,2010-02-25,2010-03-02,FTSEMIB.MI
E00288,milan,FW,2010,BC.MI,BC.MI,Brunello Cucinelli,1,2010-02-25,2010-02-25,2010-03-02,FTSEMIB.MI
E00289,milan,FW,2010,MONC.MI,MONC.MI,Moncler,1,2010-02-25,2010-02-25,2010-03-02,FTSEMIB.MI
E00290,milan,FW,2010,SFER.MI,SFER.MI,Salvatore Ferragamo,1,2010-02-25,2010-02-25,2010-03-02,FTSEMIB.MI
E00291,milan,FW,2010,MC.PA,MC.PA,Fendi,1,2010-02-25,2010-02-25,2010-03-02,FTSEMIB.MI
E00292,paris,FW,2010,MC.PA,MC.PA,Louis Vuitton; Dior; Loewe; Celine; Givenchy; Fendi,6,2010-03-03,2010-03-03,2010-03-08,^FCHI
E00293,paris,FW,2010,KER.PA,KER.PA,Saint Laurent; Balenciaga; Alexander McQueen,3,2010-03-03,2010-03-03,2010-03-08,^FCHI
E00294,paris,FW,2010,RMS.PA,RMS.PA,Hermès,1,2010-03-03,2010-03-03,2010-03-08,^FCHI
E00295,new_york,SS,2010,CPRI,CPRI,Michael Kors,1,2010-09-10,2010-09-10,2010-09-16,^GSPC
E00296,new_york,SS,2010,TPR,TPR,Coach,1,2010-09-10,2010-09-10,2010-09-16,^GSPC
E00297,new_york,SS,2010,PVH,PVH,Calvin Klein; Tommy Hilfiger,2,2010-09-10,2010-09-10,2010-09-16,^GSPC
E00298,new_york,SS,2010,RL,RL,Ralph Lauren,1,2010-09-10,2010-09-10,2010-09-16,^GSPC
E00299,london,SS,2010,BRBY.L,BRBY.L,Burberry,1,2010-09-17,2010-09-17,2010-09-22,^FTSE
E00300,milan,SS,2010,KER.PA,KER.PA,Gucci; Bottega Veneta,2,2010-09-23,2010-09-23,2010-09-28,FTSEMIB.MI
E00301,milan,SS,2010,1913.HK,1913.HK,Prada; Miu Miu,2,2010-09-23,2010-09-23,2010-09-28,FTSEMIB.MI
E00302,milan,SS,2010,BC.MI,BC.MI,Brunello Cucinelli,1,2010-09-23,2010-09-23,2010-09-28,FTSEMIB.MI
E00303,milan,SS,2010,MONC.MI,MONC.MI,Moncler,1,2010-09-23,2010-09-23,2010-09-28,FTSEMIB.MI
E00304,milan,SS,2010,SFER.MI,SFER.MI,Salvatore Ferragamo,1,2010-09-23,2010-09-23,2010-09-28,FTSEMIB.MI
E00305,milan,SS,2010,MC.PA,MC.PA,Fendi,1,2010-09-23,2010-09-23,2010-09-28,FTSEMIB.MI
E00306,paris,SS,2010,MC.PA,MC.PA,Louis Vuitton; Dior; Loewe; Celine; Givenchy; Fendi,6,2010-09-29,2010-09-29,2010-10-04,^FCHI
E00307,paris,SS,2010,KER.PA,KER.PA,Saint Laurent; Balenciaga; Alexander McQueen,3,2010-09-29,2010-09-29,2010-10-04,^FCHI
E00308,paris,SS,2010,RMS.PA,RMS.PA,Hermès,1,2010-09-29,2010-09-29,2010-10-04,^FCHI
E00309,new_york,FW,2011,CPRI,CPRI,Michael Kors,1,2011-02-11,2011-02-11,2011-02-17,^GSPC
E00310,new_york,FW,2011,TPR,TPR,Coach,1,2011-02-11,2011-02-11,2011-02-17,^GSPC
E00311,new_york,FW,2011,PVH,PVH,Calvin Klein; Tommy Hilfiger,2,2011-02-11,2011-02-11,2011-02-17,^GSPC
E00312,new_york,FW,2011,RL,RL,Ralph Lauren,1,2011-02-11,2011-02-11,2011-02-17,^GSPC
E00313,london,FW,2011,BRBY.L,BRBY.L,Burberry,1,2011-02-18,2011-02-18,2011-02-23,^FTSE
E00314,milan,FW,2011,KER.PA,KER.PA,Gucci; Bottega Veneta,2,2011-02-24,2011-02-24,2011-03-01,FTSEMIB.MI
E00315,milan,FW,2011,1913.HK,1913.HK,Prada; Miu Miu,2,2011-02-24,2011-02-24,2011-03-01,FTSEMIB.MI
E00316,milan,FW,2011,BC.MI,BC.MI,Brunello Cucinelli,1,2011-02-24,2011-02-24,2011-03-01,FTSEMIB.MI
E00317,milan,FW,2011,MONC.MI,MONC.MI,Moncler,1,2011-02-24,2011-02-24,2011-03-01,FTSEMIB.MI
E00318,milan,FW,2011,SFER.MI,SFER.MI,Salvatore Ferragamo,1,2011-02-24,2011-02-24,2011-03-01,FTSEMIB.MI
E00319,milan,FW,2011,MC.PA,MC.PA,Fendi,1,2011-02-24,2011-02-24,2011-03-01,FTSEMIB.MI
E00320,paris,FW,2011,MC.PA,MC.PA,Louis Vuitton; Dior; Loewe; Celine; Givenchy; Fendi,6,2011-03-02,2011-03-02,2011-03-07,^FCHI
E00321,paris,FW,2011,KER.PA,KER.PA,Saint Laurent; Balenciaga; Alexander McQueen,3,2011-03-02,2011-03-02,2011-03-07,^FCHI
E00322,paris,FW,2011,RMS.PA,RMS.PA,Hermès,1,2011-03-02,2011-03-02,2011-03-07,^FCHI
E00323,new_york,SS,2011,CPRI,CPRI,Michael Kors,1,2011-09-09,2011-09-09,2011-09-15,^GSPC
E00324,new_york,SS,2011,TPR,TPR,Coach,1,2011-09-09,2011-09-09,2011-09-15,^GSPC
E00325,new_york,SS,2011,PVH,PVH,Calvin Klein; Tommy Hilfiger,2,2011-09-09,2011-09-09,2011-09-15,^GSPC
E00326,new_york,SS,2011,RL,RL,Ralph Lauren,1,2011-09-09,2011-09-09,2011-09-15,^GSPC
E00327,london,SS,2011,BRBY.L,BRBY.L,Burberry,1,2011-09-16,2011-09-16,2011-09-21,^FTSE
E00328,milan,SS,2011,KER.PA,KER.PA,Gucci; Bottega Veneta,2,2011-09-22,2011-09-22,2011-09-27,FTSEMIB.MI
E00329,milan,SS,2011,1913.HK,1913.HK,Prada; Miu Miu,2,2011-09-22,2011-09-22,2011-09-27,FTSEMIB.MI
E00330,milan,SS,2011,BC.MI,BC.MI,Brunello Cucinelli,1,2011-09-22,2011-09-22,2011-09-27,FTSEMIB.MI
E00331,milan,SS,2011,MONC.MI,MONC.MI,Moncler,1,2011-09-22,2011-09-22,2011-09-27,FTSEMIB.MI
E00332,milan,SS,2011,SFER.MI,SFER.MI,Salvatore Ferragamo,1,2011-09-22,2011-09-22,2011-09-27,FTSEMIB.MI
E00333,milan,SS,2011,MC.PA,MC.PA,Fendi,1,2011-09-22,2011-09-22,2011-09-27,FTSEMIB.MI
E00334,paris,SS,2011,MC.PA,MC.PA,Louis Vuitton; Dior; Loewe; Celine; Givenchy; Fendi,6,2011-09-28,2011-09-28,2011-10-03,^FCHI
E00335,paris,SS,2011,KER.PA,KER.PA,Saint Laurent; Balenciaga; Alexander McQueen,3,2011-09-28,2011-09-28,2011-10-03,^FCHI
E00336,paris,SS,2011,RMS.PA,RMS.PA,Hermès,1,2011-09-28,2011-09-28,2011-10-03,^FCHI
E00337,new_york,FW,2012,CPRI,CPRI,Michael Kors,1,2012-02-10,2012-02-10,2012-02-16,^GSPC
E00338,new_york,FW,2012,TPR,TPR,Coach,1,2012-02-10,2012-02-10,2012-02-16,^GSPC
E00339,new_york,FW,2012,PVH,PVH,Calvin Klein; Tommy Hilfiger,2,2012-02-10,2012-02-10,2012-02-16,^GSPC
E00340,new_york,FW,2012,RL,RL,Ralph Lauren,1,2012-02-10,2012-02-10,2012-02-16,^GSPC
E00341,london,FW,2012,BRBY.L,BRBY.L,Burberry,1,2012-02-17,2012-02-17,2012-02-22,^FTSE
E00342,milan,FW,2012,KER.PA,KER.PA,Gucci; Bottega Veneta,2,2012-02-23,2012-02-23,2012-02-28,FTSEMIB.MI
E00343,milan,FW,2012,1913.HK,1913.HK,Prada; Miu Miu,2,2012-02-23,2012-02-23,2012-02-28,FTSEMIB.MI
E00344,milan,FW,2012,BC.MI,BC.MI,Brunello Cucinelli,1,2012-02-23,2012-02-23,2012-02-28,FTSEMIB.MI
E00345,milan,FW,2012,MONC.MI,MONC.MI,Moncler,1,2012-02-23,2012-02-23,2012-02-28,FTSEMIB.MI
E00346,milan,FW,2012,SFER.MI,SFER.MI,Salvatore Ferragamo,1,2012-02-23,2012-02-23,2012-02-28,FTSEMIB.MI
E00347,milan,FW,2012,MC.PA,MC.PA,Fendi,1,2012-02-23,2012-02-23,2012-02-28,FTSEMIB.MI
E00348,paris,FW,2012,MC.PA,MC.PA,Louis Vuitton; Dior; Loewe; Celine; Givenchy; Fendi,6,2012-02-29,2012-02-29,2012-03-05,^FCHI
E00349,paris,FW,2012,KER.PA,KER.PA,Saint Laurent; Balenciaga; Alexander McQueen,3,2012-02-29,2012-02-29,2012-03-05,^FCHI
E00350,paris,FW,2012,RMS.PA,RMS.PA,Hermès,1,2012-02-29,2012-02-29,2012-03-05,^FCHI
E00351,new_york,SS,2012,CPRI,CPRI,Michael Kors,1,2012-09-07,2012-09-07,2012-09-13,^GSPC
E00352,new_york,SS,2012,TPR,TPR,Coach,1,2012-09-07,2012-09-07,2012-09-13,^GSPC
E00353,new_york,SS,2012,PVH,PVH,Calvin Klein; Tommy Hilfiger,2,2012-09-07,2012-09-07,2012-09-13,^GSPC
E00354,new_york,SS,2012,RL,RL,Ralph Lauren,1,2012-09-07,2012-09-07,2012-09-13,^GSPC
E00355,london,SS,2012,BRBY.L,BRBY.L,Burberry,1,2012-09-14,2012-09-14,2012-09-19,^FTSE
E00356,milan,SS,2012,KER.PA,KER.PA,Gucci; Bottega Veneta,2,2012-09-20,2012-09-20,2012-09-25,FTSEMIB.MI
E00357,milan,SS,2012,1913.HK,1913.HK,Prada; Miu Miu,2,2012-09-20,2012-09-20,2012-09-25,FTSEMIB.MI
E00358,milan,SS,2012,BC.MI,BC.MI,Brunello Cucinelli,1,2012-09-20,2012-09-20,2012-09-25,FTSEMIB.MI
E00359,milan,SS,2012,MONC.MI,MONC.MI,Moncler,1,2012-09-20,2012-09-20,2012-09-25,FTSEMIB.MI
E00360,milan,SS,2012,SFER.MI,SFER.MI,Salvatore Ferragamo,1,2012-09-20,2012-09-20,2012-09-25,FTSEMIB.MI
E00361,milan,SS,2012,MC.PA,MC.PA,Fendi,1,2012-09-20,2012-09-20,2012-09-25,FTSEMIB.MI
E00362,paris,SS,2012,MC.PA,MC.PA,Louis Vuitton; Dior; Loewe; Celine; Givenchy; Fendi,6,2012-09-26,2012-09-26,2012-10-01,^FCHI
E00363,paris,SS,2012,KER.PA,KER.PA,Saint Laurent; Balenciaga; Alexander McQueen,3,2012-09-26,2012-09-26,2012-10-01,^FCHI
E00364,paris,SS,2012,RMS.PA,RMS.PA,Hermès,1,2012-09-26,2012-09-26,2012-10-01,^FCHI
E00365,new_york,FW,2013,CPRI,CPRI,Michael Kors,1,2013-02-08,2013-02-08,2013-02-14,^GSPC
E00366,new_york,FW,2013,TPR,TPR,Coach,1,2013-02-08,2013-02-08,2013-02-14,^GSPC
E00367,new_york,FW,2013,PVH,PVH,Calvin Klein; Tommy Hilfiger,2,2013-02-08,2013-02-08,2013-02-14,^GSPC
E00368,new_york,FW,2013,RL,RL,Ralph Lauren,1,2013-02-08,2013-02-08,2013-02-14,^GSPC
E00369,london,FW,2013,BRBY.L,BRBY.L,Burberry,1,2013-02-15,2013-02-15,2013-02-20,^FTSE
E00370,milan,FW,2013,KER.PA,KER.PA,Gucci; Bottega Veneta,2,2013-02-21,2013-02-21,2013-02-26,FTSEMIB.MI
E00371,milan,FW,2013,1913.HK,1913.HK,Prada; Miu Miu,2,2013-02-21,2013-02-21,2013-02-26,FTSEMIB.MI
E00372,milan,FW,2013,BC.MI,BC.MI,Brunello Cucinelli,1,2013-02-21,2013-02-21,2013-02-26,FTSEMIB.MI
E00373,milan,FW,2013,MONC.MI,MONC.MI,Moncler,1,2013-02-21,2013-02-21,2013-02-26,FTSEMIB.MI
E00374,milan,FW,2013,SFER.MI,SFER.MI,Salvatore Ferragamo,1,2013-02-21,2013-02-21,2013-02-26,FTSEMIB.MI
E00375,milan,FW,2013,MC.PA,MC.PA,Fendi,1,2013-02-21,2013-02-21,2013-02-26,FTSEMIB.MI
E00376,paris,FW,2013,MC.PA,MC.PA,Louis Vuitton; Dior; Loewe; Celine; Givenchy; Fendi,6,2013-02-27,2013-02-27,2013-03-04,^FCHI
E00377,paris,FW,2013,KER.PA,KER.PA,Saint Laurent; Balenciaga; Alexander McQueen,3,2013-02-27,2013-02-27,2013-03-04,^FCHI
E00378,paris,FW,2013,RMS.PA,RMS.PA,Hermès,1,2013-02-27,2013-02-27,2013-03-04,^FCHI
E00379,new_york,SS,2013,CPRI,CPRI,Michael Kors,1,2013-09-13,2013-09-13,2013-09-19,^GSPC
E00380,new_york,SS,2013,TPR,TPR,Coach,1,2013-09-13,2013-09-13,2013-09-19,^GSPC
E00381,new_york,SS,2013,PVH,PVH,Calvin Klein; Tommy Hilfiger,2,2013-09-13,2013-09-13,2013-09-19,^GSPC
E00382,new_york,SS,2013,RL,RL,Ralph Lauren,1,2013-09-13,2013-09-13,2013-09-19,^GSPC
E00383,london,SS,2013,BRBY.L,BRBY.L,Burberry,1,2013-09-20,2013-09-20,2013-09-25,^FTSE
E00384,milan,SS,2013,KER.PA,KER.PA,Gucci; Bottega Veneta,2,2013-09-26,2013-09-26,2013-10-01,FTSEMIB.MI
E00385,milan,SS,2013,1913.HK,1913.HK,Prada; Miu Miu,2,2013-09-26,2013-09-26,2013-10-01,FTSEMIB.MI
E00386,milan,SS,2013,BC.MI,BC.MI,Brunello Cucinelli,1,2013-09-26,2013-09-26,2013-10-01,FTSEMIB.MI
E00387,milan,SS,2013,MONC.MI,MONC.MI,Moncler,1,2013-09-26,2013-09-26,2013-10-01,FTSEMIB.MI
E00388,milan,SS,2013,SFER.MI,SFER.MI,Salvatore Ferragamo,1,2013-09-26,2013-09-26,2013-10-01,FTSEMIB.MI
E00389,milan,SS,2013,MC.PA,MC.PA,Fendi,1,2013-09-26,2013-09-26,2013-10-01,FTSEMIB.MI
E00390,paris,SS,2013,MC.PA,MC.PA,Louis Vuitton; Dior; Loewe; Celine; Givenchy; Fendi,6,2013-10-02,2013-10-02,2013-10-07,^FCHI
E00391,paris,SS,2013,KER.PA,KER.PA,Saint Laurent; Balenciaga; Alexander McQueen,3,2013-10-02,2013-10-02,2013-10-07,^FCHI
E00392,paris,SS,2013,RMS.PA,RMS.PA,Hermès,1,2013-10-02,2013-10-02,2013-10-07,^FCHI
E00393,new_york,FW,2014,CPRI,CPRI,Michael Kors,1,2014-02-07,2014-02-07,2014-02-13,^GSPC
E00394,new_york,FW,2014,TPR,TPR,Coach,1,2014-02-07,2014-02-07,2014-02-13,^GSPC
E00395,new_york,FW,2014,PVH,PVH,Calvin Klein; Tommy Hilfiger,2,2014-02-07,2014-02-07,2014-02-13,^GSPC
E00396,new_york,FW,2014,RL,RL,Ralph Lauren,1,2014-02-07,2014-02-07,2014-02-13,^GSPC
E00397,london,FW,2014,BRBY.L,BRBY.L,Burberry,1,2014-02-14,2014-02-14,2014-02-19,^FTSE
E00398,milan,FW,2014,KER.PA,KER.PA,Gucci; Bottega Veneta,2,2014-02-20,2014-02-20,2014-02-25,FTSEMIB.MI
E00399,milan,FW,2014,1913.HK,1913.HK,Prada; Miu Miu,2,2014-02-20,2014-02-20,2014-02-25,FTSEMIB.MI
E00400,milan,FW,2014,BC.MI,BC.MI,Brunello Cucinelli,1,2014-02-20,2014-02-20,2014-02-25,FTSEMIB.MI
E00401,milan,FW,2014,MONC.MI,MONC.MI,Moncler,1,2014-02-20,2014-02-20,2014-02-25,FTSEMIB.MI
E00402,milan,FW,2014,SFER.MI,SFER.MI,Salvatore Ferragamo,1,2014-02-20,2014-02-20,2014-02-25,FTSEMIB.MI
E00403,milan,FW,2014,MC.PA,MC.PA,Fendi,1,2014-02-20,2014-02-20,2014-02-25,FTSEMIB.MI
E00404,paris,FW,2014,MC.PA,MC.PA,Louis Vuitton; Dior; Loewe; Celine; Givenchy; Fendi,6,2014-02-26,2014-02-26,2014-03-03,^FCHI
E00405,paris,FW,2014,KER.PA,KER.PA,Saint Laurent; Balenciaga; Alexander McQueen,3,2014-02-26,2014-02-26,2014-03-03,^FCHI
E00406,paris,FW,2014,RMS.PA,RMS.PA,Hermès,1,2014-02-26,2014-02-26,2014-03-03,^FCHI
E00407,new_york,SS,2014,CPRI,CPRI,Michael Kors,1,2014-09-12,2014-09-12,2014-09-18,^GSPC
E00408,new_york,SS,2014,TPR,TPR,Coach,1,2014-09-12,2014-09-12,2014-09-18,^GSPC
E00409,new_york,SS,2014,PVH,PVH,Calvin Klein; Tommy Hilfiger,2,2014-09-12,2014-09-12,2014-09-18,^GSPC
E00410,new_york,SS,2014,RL,RL,Ralph Lauren,1,2014-09-12,2014-09-12,2014-09-18,^GSPC
E00411,london,SS,2014,BRBY.L,BRBY.L,Burberry,1,2014-09-19,2014-09-19,2014-09-24,^FTSE
E00412,milan,SS,2014,KER.PA,KER.PA,Gucci; Bottega Veneta,2,2014-09-25,2014-09-25,2014-09-30,FTSEMIB.MI
E00413,milan,SS,2014,1913.HK,1913.HK,Prada; Miu Miu,2,2014-09-25,2014-09-25,2014-09-30,FTSEMIB.MI
E00414,milan,SS,2014,BC.MI,BC.MI,Brunello Cucinelli,1,2014-09-25,2014-09-25,2014-09-30,FTSEMIB.MI
E00415,milan,SS,2014,MONC.MI,MONC.MI,Moncler,1,2014-09-25,2014-09-25,2014-09-30,FTSEMIB.MI
E00416,milan,SS,2014,SFER.MI,SFER.MI,Salvatore Ferragamo,1,2014-09-25,2014-09-25,2014-09-30,FTSEMIB.MI
E00417,milan,SS,2014,MC.PA,MC.PA,Fendi,1,2014-09-25,2014-09-25,2014-09-30,FTSEMIB.MI
E00418,paris,SS,2014,MC.PA,MC.PA,Louis Vuitton; Dior; Loewe; Celine; Givenchy; Fendi,6,2014-10-01,2014-10-01,2014-10-06,^FCHI
E00419,paris,SS,2014,KER.PA,KER.PA,Saint Laurent; Balenciaga; Alexander McQueen,3,2014-10-01,2014-10-01,2014-10-06,^FCHI
E00420,paris,SS,2014,RMS.PA,RMS.PA,Hermès,1,2014-10-01,2014-10-01,2014-10-06,^FCHI
E00421,new_york,FW,2015,CPRI,CPRI,Michael Kors,1,2015-02-13,2015-02-13,2015-02-19,^GSPC
E00422,new_york,FW,2015,TPR,TPR,Coach,1,2015-02-13,2015-02-13,2015-02-19,^GSPC
E00423,new_york,FW,2015,PVH,PVH,Calvin Klein; Tommy Hilfiger,2,2015-02-13,2015-02-13,2015-02-19,^GSPC
E00424,new_york,FW,2015,RL,RL,Ralph Lauren,1,2015-02-13,2015-02-13,2015-02-19,^GSPC
E00425,london,FW,2015,BRBY.L,BRBY.L,Burberry,1,2015-02-20,2015-02-20,2015-02-25,^FTSE
E00426,milan,FW,2015,KER.PA,KER.PA,Gucci; Bottega Veneta,2,2015-02-26,2015-02-26,2015-03-03,FTSEMIB.MI
E00427,milan,FW,2015,1913.HK,1913.HK,Prada; Miu Miu,2,2015-02-26,2015-02-26,2015-03-03,FTSEMIB.MI
E00428,milan,FW,2015,BC.MI,BC.MI,Brunello Cucinelli,1,2015-02-26,2015-02-26,2015-03-03,FTSEMIB.MI
E00429,milan,FW,2015,MONC.MI,MONC.MI,Moncler,1,2015-02-26,2015-02-26,2015-03-03,FTSEMIB.MI
E00430,milan,FW,2015,SFER.MI,SFER.MI,Salvatore Ferragamo,1,2015-02-26,2015-02-26,2015-03-03,FTSEMIB.MI
E00431,milan,FW,2015,MC.PA,MC.PA,Fendi,1,2015-02-26,2015-02-26,2015-03-03,FTSEMIB.MI
E00432,paris,FW,2015,MC.PA,MC.PA,Louis Vuitton; Dior; Loewe; Celine; Givenchy; Fendi,6,2015-03-04,2015-03-04,2015-03-09,^FCHI
E00433,paris,FW,2015,KER.PA,KER.PA,Saint Laurent; Balenciaga; Alexander McQueen,3,2015-03-04,2015-03-04,2015-03-09,^FCHI
E00434,paris,FW,2015,RMS.PA,RMS.PA,Hermès,1,2015-03-04,2015-03-04,2015-03-09,^FCHI
E00435,new_york,SS,2015,CPRI,CPRI,Michael Kors,1,2015-09-11,2015-09-11,2015-09-17,^GSPC
E00436,new_york,SS,2015,TPR,TPR,Coach,1,2015-09-11,2015-09-11,2015-09-17,^GSPC
E00437,new_york,SS,2015,PVH,PVH,Calvin Klein; Tommy Hilfiger,2,2015-09-11,2015-09-11,2015-09-17,^GSPC
E00438,new_york,SS,2015,RL,RL,Ralph Lauren,1,2015-09-11,2015-09-11,2015-09-17,^GSPC
E00439,london,SS,2015,BRBY.L,BRBY.L,Burberry,1,2015-09-18,2015-09-18,2015-09-23,^FTSE
E00440,milan,SS,2015,KER.PA,KER.PA,Gucci; Bottega Veneta,2,2015-09-24,2015-09-24,2015-09-29,FTSEMIB.MI
E00441,milan,SS,2015,1913.HK,1913.HK,Prada; Miu Miu,2,2015-09-24,2015-09-24,2015-09-29,FTSEMIB.MI
E00442,milan,SS,2015,BC.MI,BC.MI,Brunello Cucinelli,1,2015-09-24,2015-09-24,2015-09-29,FTSEMIB.MI
E00443,milan,SS,2015,MONC.MI,MONC.MI,Moncler,1,2015-09-24,2015-09-24,2015-09-29,FTSEMIB.MI
E00444,milan,SS,2015,SFER.MI,SFER.MI,Salvatore Ferragamo,1,2015-09-24,2015-09-24,2015-09-29,FTSEMIB.MI
E00445,milan,SS,2015,MC.PA,MC.PA,Fendi,1,2015-09-24,2015-09-24,2015-09-29,FTSEMIB.MI
E00446,paris,SS,2015,MC.PA,MC.PA,Louis Vuitton; Dior; Loewe; Celine; Givenchy; Fendi,6,2015-09-30,2015-09-30,2015-10-05,^FCHI
E00447,paris,SS,2015,KER.PA,KER.PA,Saint Laurent; Balenciaga; Alexander McQueen,3,2015-09-30,2015-09-30,2015-10-05,^FCHI
E00448,paris,SS,2015,RMS.PA,RMS.PA,Hermès,1,2015-09-30,2015-09-30,2015-10-05,^FCHI
E00449,new_york,FW,2016,CPRI,CPRI,Michael Kors,1,2016-02-12,2016-02-12,2016-02-18,^GSPC
E00450,new_york,FW,2016,TPR,TPR,Coach,1,2016-02-12,2016-02-12,2016-02-18,^GSPC
E00451,new_york,FW,2016,PVH,PVH,Calvin Klein; Tommy Hilfiger,2,2016-02-12,2016-02-12,2016-02-18,^GSPC
E00452,new_york,FW,2016,RL,RL,Ralph Lauren,1,2016-02-12,2016-02-12,2016-02-18,^GSPC
E00453,london,FW,2016,BRBY.L,BRBY.L,Burberry,1,2016-02-19,2016-02-19,2016-02-24,^FTSE
E00454,milan,FW,2016,KER.PA,KER.PA,Gucci; Bottega Veneta,2,2016-02-25,2016-02-25,2016-03-01,FTSEMIB.MI
E00455,milan,FW,2016,1913.HK,1913.HK,Prada; Miu Miu,2,2016-02-25,2016-02-25,2016-03-01,FTSEMIB.MI
E00456,milan,FW,2016,BC.MI,BC.MI,Brunello Cucinelli,1,2016-02-25,2016-02-25,2016-03-01,FTSEMIB.MI
E00457,milan,FW,2016,MONC.MI,MONC.MI,Moncler,1,2016-02-25,2016-02-25,2016-03-01,FTSEMIB.MI
E00458,milan,FW,2016,SFER.MI,SFER.MI,Salvatore Ferragamo,1,2016-02-25,2016-02-25,2016-03-01,FTSEMIB.MI
E00459,milan,FW,2016,MC.PA,MC.PA,Fendi,1,2016-02-25,2016-02-25,2016-03-01,FTSEMIB.MI
E00460,paris,FW,2016,MC.PA,MC.PA,Louis Vuitton; Dior; Loewe; Celine; Givenchy; Fendi,6,2016-03-02,2016-03-02,2016-03-07,^FCHI
E00461,paris,FW,2016,KER.PA,KER.PA,Saint Laurent; Balenciaga; Alexander McQueen,3,2016-03-02,2016-03-02,2016-03-07,^FCHI
E00462,paris,FW,2016,RMS.PA,RMS.PA,Hermès,1,2016-03-02,2016-03-02,2016-03-07,^FCHI
E00463,new_york,SS,2016,CPRI,CPRI,Michael Kors,1,2016-09-09,2016-09-09,2016-09-15,^GSPC
E00464,new_york,SS,2016,TPR,TPR,Coach,1,2016-09-09,2016-09-09,2016-09-15,^GSPC
E00465,new_york,SS,2016,PVH,PVH,Calvin Klein; Tommy Hilfiger,2,2016-09-09,2016-09-09,2016-09-15,^GSPC
E00466,new_york,SS,2016,RL,RL,Ralph Lauren,1,2016-09-09,2016-09-09,2016-09-15,^GSPC
E00467,london,SS,2016,BRBY.L,BRBY.L,Burberry,1,2016-09-16,2016-09-16,2016-09-21,^FTSE
E00468,milan,SS,2016,KER.PA,KER.PA,Gucci; Bottega Veneta,2,2016-09-22,2016-09-22,2016-09-27,FTSEMIB.MI
E00469,milan,SS,2016,1913.HK,1913.HK,Prada; Miu Miu,2,2016-09-22,2016-09-22,2016-09-27,FTSEMIB.MI
E00470,milan,SS,2016,BC.MI,BC.MI,Brunello Cucinelli,1,2016-09-22,2016-09-22,2016-09-27,FTSEMIB.MI
E00471,milan,SS,2016,MONC.MI,MONC.MI,Moncler,1,2016-09-22,2016-09-22,2016-09-27,FTSEMIB.MI
E00472,milan,SS,2016,SFER.MI,SFER.MI,Salvatore Ferragamo,1,2016-09-22,2016-09-22,2016-09-27,FTSEMIB.MI
E00473,milan,SS,2016,MC.PA,MC.PA,Fendi,1,2016-09-22,2016-09-22,2016-09-27,FTSEMIB.MI
E00474,paris,SS,2016,MC.PA,MC.PA,Louis Vuitton; Dior; Loewe; Celine; Givenchy; Fendi,6,2016-09-28,2016-09-28,2016-10-03,^FCHI
E00475,paris,SS,2016,KER.PA,KER.PA,Saint Laurent; Balenciaga; Alexander McQueen,3,2016-09-28,2016-09-28,2016-10-03,^FCHI
E00476,paris,SS,2016,RMS.PA,RMS.PA,Hermès,1,2016-09-28,2016-09-28,2016-10-03,^FCHI
E00477,new_york,FW,2017,CPRI,CPRI,Michael Kors,1,2017-02-10,2017-02-10,2017-02-16,^GSPC
E00478,new_york,FW,2017,TPR,TPR,Coach,1,2017-02-10,2017-02-10,2017-02-16,^GSPC
E00479,new_york,FW,2017,PVH,PVH,Calvin Klein; Tommy Hilfiger,2,2017-02-10,2017-02-10,2017-02-16,^GSPC
E00480,new_york,FW,2017,RL,RL,Ralph Lauren,1,2017-02-10,2017-02-10,2017-02-16,^GSPC
E00481,london,FW,2017,BRBY.L,BRBY.L,Burberry,1,2017-02-17,2017-02-17,2017-02-22,^FTSE
E00482,milan,FW,2017,KER.PA,KER.PA,Gucci; Bottega Veneta,2,2017-02-23,2017-02-23,2017-02-28,FTSEMIB.MI
E00483,milan,FW,2017,1913.HK,1913.HK,Prada; Miu Miu,2,2017-02-23,2017-02-23,2017-02-28,FTSEMIB.MI
E00484,milan,FW,2017,BC.MI,BC.MI,Brunello Cucinelli,1,2017-02-23,2017-02-23,2017-02-28,FTSEMIB.MI
E00485,milan,FW,2017,MONC.MI,MONC.MI,Moncler,1,2017-02-23,2017-02-23,2017-02-28,FTSEMIB.MI
E00486,milan,FW,2017,SFER.MI,SFER.MI,Salvatore Ferragamo,1,2017-02-23,2017-02-23,2017-02-28,FTSEMIB.MI
E00487,milan,FW,2017,MC.PA,MC.PA,Fendi,1,2017-02-23,2017-02-23,2017-02-28,FTSEMIB.MI
E00488,paris,FW,2017,MC.PA,MC.PA,Louis Vuitton; Dior; Loewe; Celine; Givenchy; Fendi,6,2017-03-01,2017-03-01,2017-03-06,^FCHI
E00489,paris,FW,2017,KER.PA,KER.PA,Saint Laurent; Balenciaga; Alexander McQueen,3,2017-03-01,2017-03-01,2017-03-06,^FCHI
E00490,paris,FW,2017,RMS.PA,RMS.PA,Hermès,1,2017-03-01,2017-03-01,2017-03-06,^FCHI
E00491,new_york,SS,2017,CPRI,CPRI,Michael Kors,1,2017-09-08,2017-09-08,2017-09-14,^GSPC
E00492,new_york,SS,2017,TPR,TPR,Coach,1,2017-09-08,2017-09-08,2017-09-14,^GSPC
E00493,new_york,SS,2017,PVH,PVH,Calvin Klein; Tommy Hilfiger,2,2017-09-08,2017-09-08,2017-09-14,^GSPC
E00494,new_york,SS,2017,RL,RL,Ralph Lauren,1,2017-09-08,2017-09-08,2017-09-14,^GSPC
E00495,london,SS,2017,BRBY.L,BRBY.L,Burberry,1,2017-09-15,2017-09-15,2017-09-20,^FTSE
E00496,milan,SS,2017,KER.PA,KER.PA,Gucci; Bottega Veneta,2,2017-09-21,2017-09-21,2017-09-26,FTSEMIB.MI
E00497,milan,SS,2017,1913.HK,1913.HK,Prada; Miu Miu,2,2017-09-21,2017-09-21,2017-09-26,FTSEMIB.MI
E00498,milan,SS,2017,BC.MI,BC.MI,Brunello Cucinelli,1,2017-09-21,2017-09-21,2017-09-26,FTSEMIB.MI
E00499,milan,SS,2017,MONC.MI,MONC.MI,Moncler,1,2017-09-21,2017-09-21,2017-09-26,FTSEMIB.MI
E00500,milan,SS,2017,SFER.MI,SFER.MI,Salvatore Ferragamo,1,2017-09-21,2017-09-21,2017-09-26,FTSEMIB.MI
E00501,milan,SS,2017,MC.PA,MC.PA,Fendi,1,2017-09-21,2017-09-21,2017-09-26,FTSEMIB.MI
E00502,paris,SS,2017,MC.PA,MC.PA,Louis Vuitton; Dior; Loewe; Celine; Givenchy; Fendi,6,2017-09-27,2017-09-27,2017-10-02,^FCHI
E00503,paris,SS,2017,KER.PA,KER.PA,Saint Laurent; Balenciaga; Alexander McQueen,3,2017-09-27,2017-09-27,2017-10-02,^FCHI
E00504,paris,SS,2017,RMS.PA,RMS.PA,Hermès,1,2017-09-27,2017-09-27,2017-10-02,^FCHI
E00505,new_york,FW,2018,CPRI,CPRI,Michael Kors,1,2018-02-09,2018-02-09,2018-02-15,^GSPC
E00506,new_york,FW,2018,TPR,TPR,Coach,1,2018-02-09,2018-02-09,2018-02-15,^GSPC
E00507,new_york,FW,2018,PVH,PVH,Calvin Klein; Tommy Hilfiger,2,2018-02-09,2018-02-09,2018-02-15,^GSPC
E00508,new_york,FW,2018,RL,RL,Ralph Lauren,1,2018-02-09,2018-02-09,2018-02-15,^GSPC
E00509,london,FW,2018,BRBY.L,BRBY.L,Burberry,1,2018-02-16,2018-02-16,2018-02-21,^FTSE
E00510,milan,FW,2018,KER.PA,KER.PA,Gucci; Bottega Veneta,2,2018-02-22,2018-02-22,2018-02-27,FTSEMIB.MI
E00511,milan,FW,2018,1913.HK,1913.HK,Prada; Miu Miu,2,2018-02-22,2018-02-22,2018-02-27,FTSEMIB.MI
E00512,milan,FW,2018,BC.MI,BC.MI,Brunello Cucinelli,1,2018-02-22,2018-02-22,2018-02-27,FTSEMIB.MI
E00513,milan,FW,2018,MONC.MI,MONC.MI,Moncler,1,2018-02-22,2018-02-22,2018-02-27,FTSEMIB.MI
E00514,milan,FW,2018,SFER.MI,SFER.MI,Salvatore Ferragamo,1,2018-02-22,2018-02-22,2018-02-27,FTSEMIB.MI
E00515,milan,FW,2018,MC.PA,MC.PA,Fendi,1,2018-02-22,2018-02-22,2018-02-27,FTSEMIB.MI
E00516,paris,FW,2018,MC.PA,MC.PA,Louis Vuitton; Dior; Loewe; Celine; Givenchy; Fendi,6,2018-02-28,2018-02-28,2018-03-05,^FCHI
E00517,paris,FW,2018,KER.PA,KER.PA,Saint Laurent; Balenciaga; Alexander McQueen,3,2018-02-28,2018-02-28,2018-03-05,^FCHI
E00518,paris,FW,2018,RMS.PA,RMS.PA,Hermès,1,2018-02-28,2018-02-28,2018-03-05,^FCHI
E00519,new_york,SS,2018,CPRI,CPRI,Michael Kors,1,2018-09-07,2018-09-07,2018-09-13,^GSPC
E00520,new_york,SS,2018,TPR,TPR,Coach,1,2018-09-07,2018-09-07,2018-09-13,^GSPC
E00521,new_york,SS,2018,PVH,PVH,Calvin Klein; Tommy Hilfiger,2,2018-09-07,2018-09-07,2018-09-13,^GSPC
E00522,new_york,SS,2018,RL,RL,Ralph Lauren,1,2018-09-07,2018-09-07,2018-09-13,^GSPC
E00523,london,SS,2018,BRBY.L,BRBY.L,Burberry,1,2018-09-14,2018-09-14,2018-09-19,^FTSE
E00524,milan,SS,2018,KER.PA,KER.PA,Gucci; Bottega Veneta,2,2018-09-20,2018-09-20,2018-09-25,FTSEMIB.MI
E00525,milan,SS,2018,1913.HK,1913.HK,Prada; Miu Miu,2,2018-09-20,2018-09-20,2018-09-25,FTSEMIB.MI
E00526,milan,SS,2018,BC.MI,BC.MI,Brunello Cucinelli,1,2018-09-20,2018-09-20,2018-09-25,FTSEMIB.MI
E00527,milan,SS,2018,MONC.MI,MONC.MI,Moncler,1,2018-09-20,2018-09-20,2018-09-25,FTSEMIB.MI
E00528,milan,SS,2018,SFER.MI,SFER.MI,Salvatore Ferragamo,1,2018-09-20,2018-09-20,2018-09-25,FTSEMIB.MI
E00529,milan,SS,2018,MC.PA,MC.PA,Fendi,1,2018-09-20,2018-09-20,2018-09-25,FTSEMIB.MI
E00530,paris,SS,2018,MC.PA,MC.PA,Louis Vuitton; Dior; Loewe; Celine; Givenchy; Fendi,6,2018-09-26,2018-09-26,2018-10-01,^FCHI
E00531,paris,SS,2018,KER.PA,KER.PA,Saint Laurent; Balenciaga; Alexander McQueen,3,2018-09-26,2018-09-26,2018-10-01,^FCHI
E00532,paris,SS,2018,RMS.PA,RMS.PA,Hermès,1,2018-09-26,2018-09-26,2018-10-01,^FCHI
E00533,new_york,FW,2019,CPRI,CPRI,Michael Kors,1,2019-02-08,2019-02-08,2019-02-14,^GSPC
E00534,new_york,FW,2019,TPR,TPR,Coach,1,2019-02-08,2019-02-08,2019-02-14,^GSPC
E00535,new_york,FW,2019,PVH,PVH,Calvin Klein; Tommy Hilfiger,2,2019-02-08,2019-02-08,2019-02-14,^GSPC
E00536,new_york,FW,2019,RL,RL,Ralph Lauren,1,2019-02-08,2019-02-08,2019-02-14,^GSPC
E00537,london,FW,2019,BRBY.L,BRBY.L,Burberry,1,2019-02-15,2019-02-15,2019-02-20,^FTSE
E00538,milan,FW,2019,KER.PA,KER.PA,Gucci; Bottega Veneta,2,2019-02-21,2019-02-21,2019-02-26,FTSEMIB.MI
E00539,milan,FW,2019,1913.HK,1913.HK,Prada; Miu Miu,2,2019-02-21,2019-02-21,2019-02-26,FTSEMIB.MI
E00540,milan,FW,2019,BC.MI,BC.MI,Brunello Cucinelli,1,2019-02-21,2019-02-21,2019-02-26,FTSEMIB.MI
E00541,milan,FW,2019,MONC.MI,MONC.MI,Moncler,1,2019-02-21,2019-02-21,2019-02-26,FTSEMIB.MI
E00542,milan,FW,2019,SFER.MI,SFER.MI,Salvatore Ferragamo,1,2019-02-21,2019-02-21,2019-02-26,FTSEMIB.MI
E00543,milan,FW,2019,MC.PA,MC.PA,Fendi,1,2019-02-21,2019-02-21,2019-02-26,FTSEMIB.MI
E00544,paris,FW,2019,MC.PA,MC.PA,Louis Vuitton; Dior; Loewe; Celine; Givenchy; Fendi,6,2019-02-27,2019-02-27,2019-03-04,^FCHI
E00545,paris,FW,2019,KER.PA,KER.PA,Saint Laurent; Balenciaga; Alexander McQueen,3,2019-02-27,2019-02-27,2019-03-04,^FCHI
E00546,paris,FW,2019,RMS.PA,RMS.PA,Hermès,1,2019-02-27,2019-02-27,2019-03-04,^FCHI
E00547,new_york,SS,2019,CPRI,CPRI,Michael Kors,1,2019-09-13,2019-09-13,2019-09-19,^GSPC
E00548,new_york,SS,2019,TPR,TPR,Coach,1,2019-09-13,2019-09-13,2019-09-19,^GSPC
E00549,new_york,SS,2019,PVH,PVH,Calvin Klein; Tommy Hilfiger,2,2019-09-13,2019-09-13,2019-09-19,^GSPC
E00550,new_york,SS,2019,RL,RL,Ralph Lauren,1,2019-09-13,2019-09-13,2019-09-19,^GSPC
E00551,london,SS,2019,BRBY.L,BRBY.L,Burberry,1,2019-09-20,2019-09-20,2019-09-25,^FTSE
E00552,milan,SS,2019,KER.PA,KER.PA,Gucci; Bottega Veneta,2,2019-09-26,2019-09-26,2019-10-01,FTSEMIB.MI
E00553,milan,SS,2019,1913.HK,1913.HK,Prada; Miu Miu,2,2019-09-26,2019-09-26,2019-10-01,FTSEMIB.MI
E00554,milan,SS,2019,BC.MI,BC.MI,Brunello Cucinelli,1,2019-09-26,2019-09-26,2019-10-01,FTSEMIB.MI
E00555,milan,SS,2019,MONC.MI,MONC.MI,Moncler,1,2019-09-26,2019-09-26,2019-10-01,FTSEMIB.MI
E00556,milan,SS,2019,SFER.MI,SFER.MI,Salvatore Ferragamo,1,2019-09-26,2019-09-26,2019-10-01,FTSEMIB.MI
E00557,milan,SS,2019,MC.PA,MC.PA,Fendi,1,2019-09-26,2019-09-26,2019-10-01,FTSEMIB.MI
E00558,paris,SS,2019,MC.PA,MC.PA,Louis Vuitton; Dior; Loewe; Celine; Givenchy; Fendi,6,2019-10-02,2019-10-02,2019-10-07,^FCHI
E00559,paris,SS,2019,KER.PA,KER.PA,Saint Laurent; Balenciaga; Alexander McQueen,3,2019-10-02,2019-10-02,2019-10-07,^FCHI
E00560,paris,SS,2019,RMS.PA,RMS.PA,Hermès,1,2019-10-02,2019-10-02,2019-10-07,^FCHI
E00561,new_york,FW,2020,CPRI,CPRI,Michael Kors,1,2020-02-07,2020-02-07,2020-02-13,^GSPC
E00562,new_york,FW,2020,TPR,TPR,Coach,1,2020-02-07,2020-02-07,2020-02-13,^GSPC
E00563,new_york,FW,2020,PVH,PVH,Calvin Klein; Tommy Hilfiger,2,2020-02-07,2020-02-07,2020-02-13,^GSPC
E00564,new_york,FW,2020,RL,RL,Ralph Lauren,1,2020-02-07,2020-02-07,2020-02-13,^GSPC
E00565,london,FW,2020,BRBY.L,BRBY.L,Burberry,1,2020-02-14,2020-02-14,2020-02-19,^FTSE
E00566,milan,FW,2020,KER.PA,KER.PA,Gucci; Bottega Veneta,2,2020-02-20,2020-02-20,2020-02-25,FTSEMIB.MI
E00567,milan,FW,2020,1913.HK,1913.HK,Prada; Miu Miu,2,2020-02-20,2020-02-20,2020-02-25,FTSEMIB.MI
E00568,milan,FW,2020,BC.MI,BC.MI,Brunello Cucinelli,1,2020-02-20,2020-02-20,2020-02-25,FTSEMIB.MI
E00569,milan,FW,2020,MONC.MI,MONC.MI,Moncler,1,2020-02-20,2020-02-20,2020-02-25,FTSEMIB.MI
E00570,milan,FW,2020,SFER.MI,SFER.MI,Salvatore Ferragamo,1,2020-02-20,2020-02-20,2020-02-25,FTSEMIB.MI
E00571,milan,FW,2020,MC.PA,MC.PA,Fendi,1,2020-02-20,2020-02-20,2020-02-25,FTSEMIB.MI
E00572,paris,FW,2020,MC.PA,MC.PA,Louis Vuitton; Dior; Loewe; Celine; Givenchy; Fendi,6,2020-02-26,2020-02-26,2020-03-02,^FCHI
E00573,paris,FW,2020,KER.PA,KER.PA,Saint Laurent; Balenciaga; Alexander McQueen,3,2020-02-26,2020-02-26,2020-03-02,^FCHI
E00574,paris,FW,2020,RMS.PA,RMS.PA,Hermès,1,2020-02-26,2020-02-26,2020-03-02,^FCHI
E00575,new_york,SS,2020,CPRI,CPRI,Michael Kors,1,2020-09-11,2020-09-11,2020-09-17,^GSPC
E00576,new_york,SS,2020,TPR,TPR,Coach,1,2020-09-11,2020-09-11,2020-09-17,^GSPC
E00577,new_york,SS,2020,PVH,PVH,Calvin Klein; Tommy Hilfiger,2,2020-09-11,2020-09-11,2020-09-17,^GSPC
E00578,new_york,SS,2020,RL,RL,Ralph Lauren,1,2020-09-11,2020-09-11,2020-09-17,^GSPC
E00579,london,SS,2020,BRBY.L,BRBY.L,Burberry,1,2020-09-18,2020-09-18,2020-09-23,^FTSE
E00580,milan,SS,2020,KER.PA,KER.PA,Gucci; Bottega Veneta,2,2020-09-24,2020-09-24,2020-09-29,FTSEMIB.MI
E00581,milan,SS,2020,1913.HK,1913.HK,Prada; Miu Miu,2,2020-09-24,2020-09-24,2020-09-29,FTSEMIB.MI
E00582,milan,SS,2020,BC.MI,BC.MI,Brunello Cucinelli,1,2020-09-24,2020-09-24,2020-09-29,FTSEMIB.MI
E00583,milan,SS,2020,MONC.MI,MONC.MI,Moncler,1,2020-09-24,2020-09-24,2020-09-29,FTSEMIB.MI
E00584,milan,SS,2020,SFER.MI,SFER.MI,Salvatore Ferragamo,1,2020-09-24,2020-09-24,2020-09-29,FTSEMIB.MI
E00585,milan,SS,2020,MC.PA,MC.PA,Fendi,1,2020-09-24,2020-09-24,2020-09-29,FTSEMIB.MI
E00586,paris,SS,2020,MC.PA,MC.PA,Louis Vuitton; Dior; Loewe; Celine; Givenchy; Fendi,6,2020-09-30,2020-09-30,2020-10-05,^FCHI
E00587,paris,SS,2020,KER.PA,KER.PA,Saint Laurent; Balenciaga; Alexander McQueen,3,2020-09-30,2020-09-30,2020-10-05,^FCHI
E00588,paris,SS,2020,RMS.PA,RMS.PA,Hermès,1,2020-09-30,2020-09-30,2020-10-05,^FCHI
E00589,new_york,FW,2021,CPRI,CPRI,Michael Kors,1,2021-02-12,2021-02-12,2021-02-18,^GSPC
E00590,new_york,FW,2021,TPR,TPR,Coach,1,2021-02-12,2021-02-12,2021-02-18,^GSPC
E00591,new_york,FW,2021,PVH,PVH,Calvin Klein; Tommy Hilfiger,2,2021-02-12,2021-02-12,2021-02-18,^GSPC
E00592,new_york,FW,2021,RL,RL,Ralph Lauren,1,2021-02-12,2021-02-12,2021-02-18,^GSPC
E00593,london,FW,2021,BRBY.L,BRBY.L,Burberry,1,2021-02-19,2021-02-19,2021-02-24,^FTSE
E00594,milan,FW,2021,KER.PA,KER.PA,Gucci; Bottega Veneta,2,2021-02-25,2021-02-25,2021-03-02,FTSEMIB.MI
E00595,milan,FW,2021,1913.HK,1913.HK,Prada; Miu Miu,2,2021-02-25,2021-02-25,2021-03-02,FTSEMIB.MI
E00596,milan,FW,2021,BC.MI,BC.MI,Brunello Cucinelli,1,2021-02-25,2021-02-25,2021-03-02,FTSEMIB.MI
E00597,milan,FW,2021,MONC.MI,MONC.MI,Moncler,1,2021-02-25,2021-02-25,2021-03-02,FTSEMIB.MI
E00598,milan,FW,2021,SFER.MI,SFER.MI,Salvatore Ferragamo,1,2021-02-25,2021-02-25,2021-03-02,FTSEMIB.MI
E00599,milan,FW,2021,MC.PA,MC.PA,Fendi,1,2021-02-25,2021-02-25,2021-03-02,FTSEMIB.MI
E00600,paris,FW,2021,MC.PA,MC.PA,Louis Vuitton; Dior; Loewe; Celine; Givenchy; Fendi,6,2021-03-03,2021-03-03,2021-03-08,^FCHI
E00601,paris,FW,2021,KER.PA,KER.PA,Saint Laurent; Balenciaga; Alexander McQueen,3,2021-03-03,2021-03-03,2021-03-08,^FCHI
E00602,paris,FW,2021,RMS.PA,RMS.PA,Hermès,1,2021-03-03,2021-03-03,2021-03-08,^FCHI
E00603,new_york,SS,2021,CPRI,CPRI,Michael Kors,1,2021-09-10,2021-09-10,2021-09-16,^GSPC
E00604,new_york,SS,2021,TPR,TPR,Coach,1,2021-09-10,2021-09-10,2021-09-16,^GSPC
E00605,new_york,SS,2021,PVH,PVH,Calvin Klein; Tommy Hilfiger,2,2021-09-10,2021-09-10,2021-09-16,^GSPC
E00606,new_york,SS,2021,RL,RL,Ralph Lauren,1,2021-09-10,2021-09-10,2021-09-16,^GSPC
E00607,london,SS,2021,BRBY.L,BRBY.L,Burberry,1,2021-09-17,2021-09-17,2021-09-22,^FTSE
E00608,milan,SS,2021,KER.PA,KER.PA,Gucci; Bottega Veneta,2,2021-09-23,2021-09-23,2021-09-28,FTSEMIB.MI
E00609,milan,SS,2021,1913.HK,1913.HK,Prada; Miu Miu,2,2021-09-23,2021-09-23,2021-09-28,FTSEMIB.MI
E00610,milan,SS,2021,BC.MI,BC.MI,Brunello Cucinelli,1,2021-09-23,2021-09-23,2021-09-28,FTSEMIB.MI
E00611,milan,SS,2021,MONC.MI,MONC.MI,Moncler,1,2021-09-23,2021-09-23,2021-09-28,FTSEMIB.MI
E00612,milan,SS,2021,SFER.MI,SFER.MI,Salvatore Ferragamo,1,2021-09-23,2021-09-23,2021-09-28,FTSEMIB.MI
E00613,milan,SS,2021,MC.PA,MC.PA,Fendi,1,2021-09-23,2021-09-23,2021-09-28,FTSEMIB.MI
E00614,paris,SS,2021,MC.PA,MC.PA,Louis Vuitton; Dior; Loewe; Celine; Givenchy; Fendi,6,2021-09-29,2021-09-29,2021-10-04,^FCHI
E00615,paris,SS,2021,KER.PA,KER.PA,Saint Laurent; Balenciaga; Alexander McQueen,3,2021-09-29,2021-09-29,2021-10-04,^FCHI
E00616,paris,SS,2021,RMS.PA,RMS.PA,Hermès,1,2021-09-29,2021-09-29,2021-10-04,^FCHI
E00617,new_york,FW,2022,CPRI,CPRI,Michael Kors,1,2022-02-11,2022-02-11,2022-02-17,^GSPC
E00618,new_york,FW,2022,TPR,TPR,Coach,1,2022-02-11,2022-02-11,2022-02-17,^GSPC
E00619,new_york,FW,2022,PVH,PVH,Calvin Klein; Tommy Hilfiger,2,2022-02-11,2022-02-11,2022-02-17,^GSPC
E00620,new_york,FW,2022,RL,RL,Ralph Lauren,1,2022-02-11,2022-02-11,2022-02-17,^GSPC
E00621,london,FW,2022,BRBY.L,BRBY.L,Burberry,1,2022-02-18,2022-02-18,2022-02-23,^FTSE
E00622,milan,FW,2022,KER.PA,KER.PA,Gucci; Bottega Veneta,2,2022-02-24,2022-02-24,2022-03-01,FTSEMIB.MI
E00623,milan,FW,2022,1913.HK,1913.HK,Prada; Miu Miu,2,2022-02-24,2022-02-24,2022-03-01,FTSEMIB.MI
E00624,milan,FW,2022,BC.MI,BC.MI,Brunello Cucinelli,1,2022-02-24,2022-02-24,2022-03-01,FTSEMIB.MI
E00625,milan,FW,2022,MONC.MI,MONC.MI,Moncler,1,2022-02-24,2022-02-24,2022-03-01,FTSEMIB.MI
E00626,milan,FW,2022,SFER.MI,SFER.MI,Salvatore Ferragamo,1,2022-02-24,2022-02-24,2022-03-01,FTSEMIB.MI
E00627,milan,FW,2022,MC.PA,MC.PA,Fendi,1,2022-02-24,2022-02-24,2022-03-01,FTSEMIB.MI
E00628,paris,FW,2022,MC.PA,MC.PA,Louis Vuitton; Dior; Loewe; Celine; Givenchy; Fendi,6,2022-03-02,2022-03-02,2022-03-07,^FCHI
E00629,paris,FW,2022,KER.PA,KER.PA,Saint Laurent; Balenciaga; Alexander McQueen,3,2022-03-02,2022-03-02,2022-03-07,^FCHI
E00630,paris,FW,2022,RMS.PA,RMS.PA,Hermès,1,2022-03-02,2022-03-02,2022-03-07,^FCHI
E00631,new_york,SS,2022,CPRI,CPRI,Michael Kors,1,2022-09-09,2022-09-09,2022-09-15,^GSPC
E00632,new_york,SS,2022,TPR,TPR,Coach,1,2022-09-09,2022-09-09,2022-09-15,^GSPC
E00633,new_york,SS,2022,PVH,PVH,Calvin Klein; Tommy Hilfiger,2,2022-09-09,2022-09-09,2022-09-15,^GSPC
E00634,new_york,SS,2022,RL,RL,Ralph Lauren,1,2022-09-09,2022-09-09,2022-09-15,^GSPC
E00635,london,SS,2022,BRBY.L,BRBY.L,Burberry,1,2022-09-16,2022-09-16,2022-09-21,^FTSE
E00636,milan,SS,2022,KER.PA,KER.PA,Gucci; Bottega Veneta,2,2022-09-22,2022-09-22,2022-09-27,FTSEMIB.MI
E00637,milan,SS,2022,1913.HK,1913.HK,Prada; Miu Miu,2,2022-09-22,2022-09-22,2022-09-27,FTSEMIB.MI
E00638,milan,SS,2022,BC.MI,BC.MI,Brunello Cucinelli,1,2022-09-22,2022-09-22,2022-09-27,FTSEMIB.MI
E00639,milan,SS,2022,MONC.MI,MONC.MI,Moncler,1,2022-09-22,2022-09-22,2022-09-27,FTSEMIB.MI
E00640,milan,SS,2022,SFER.MI,SFER.MI,Salvatore Ferragamo,1,2022-09-22,2022-09-22,2022-09-27,FTSEMIB.MI
E00641,milan,SS,2022,MC.PA,MC.PA,Fendi,1,2022-09-22,2022-09-22,2022-09-27,FTSEMIB.MI
E00642,paris,SS,2022,MC.PA,MC.PA,Louis Vuitton; Dior; Loewe; Celine; Givenchy; Fendi,6,2022-09-28,2022-09-28,2022-10-03,^FCHI
E00643,paris,SS,2022,KER.PA,KER.PA,Saint Laurent; Balenciaga; Alexander McQueen,3,2022-09-28,2022-09-28,2022-10-03,^FCHI
E00644,paris,SS,2022,RMS.PA,RMS.PA,Hermès,1,2022-09-28,2022-09-28,2022-10-03,^FCHI
E00645,new_york,FW,2023,CPRI,CPRI,Michael Kors,1,2023-02-10,2023-02-10,2023-02-16,^GSPC
E00646,new_york,FW,2023,TPR,TPR,Coach,1,2023-02-10,2023-02-10,2023-02-16,^GSPC
E00647,new_york,FW,2023,PVH,PVH,Calvin Klein; Tommy Hilfiger,2,2023-02-10,2023-02-10,2023-02-16,^GSPC
E00648,new_york,FW,2023,RL,RL,Ralph Lauren,1,2023-02-10,2023-02-10,2023-02-16,^GSPC
E00649,london,FW,2023,BRBY.L,BRBY.L,Burberry,1,2023-02-17,2023-02-17,2023-02-22,^FTSE
E00650,milan,FW,2023,KER.PA,KER.PA,Gucci; Bottega Veneta,2,2023-02-23,2023-02-23,2023-02-28,FTSEMIB.MI
E00651,milan,FW,2023,1913.HK,1913.HK,Prada; Miu Miu,2,2023-02-23,2023-02-23,2023-02-28,FTSEMIB.MI
E00652,milan,FW,2023,BC.MI,BC.MI,Brunello Cucinelli,1,2023-02-23,2023-02-23,2023-02-28,FTSEMIB.MI
E00653,milan,FW,2023,MONC.MI,MONC.MI,Moncler,1,2023-02-23,2023-02-23,2023-02-28,FTSEMIB.MI
E00654,milan,FW,2023,SFER.MI,SFER.MI,Salvatore Ferragamo,1,2023-02-23,2023-02-23,2023-02-28,FTSEMIB.MI
E00655,milan,FW,2023,MC.PA,MC.PA,Fendi,1,2023-02-23,2023-02-23,2023-02-28,FTSEMIB.MI
E00656,paris,FW,2023,MC.PA,MC.PA,Louis Vuitton; Dior; Loewe; Celine; Givenchy; Fendi,6,2023-03-01,2023-03-01,2023-03-06,^FCHI
E00657,paris,FW,2023,KER.PA,KER.PA,Saint Laurent; Balenciaga; Alexander McQueen,3,2023-03-01,2023-03-01,2023-03-06,^FCHI
E00658,paris,FW,2023,RMS.PA,RMS.PA,Hermès,1,2023-03-01,2023-03-01,2023-03-06,^FCHI
E00659,new_york,SS,2023,CPRI,CPRI,Michael Kors,1,2023-09-08,2023-09-08,2023-09-14,^GSPC
E00660,new_york,SS,2023,TPR,TPR,Coach,1,2023-09-08,2023-09-08,2023-09-14,^GSPC
E00661,new_york,SS,2023,PVH,PVH,Calvin Klein; Tommy Hilfiger,2,2023-09-08,2023-09-08,2023-09-14,^GSPC
E00662,new_york,SS,2023,RL,RL,Ralph Lauren,1,2023-09-08,2023-09-08,2023-09-14,^GSPC
E00663,london,SS,2023,BRBY.L,BRBY.L,Burberry,1,2023-09-15,2023-09-15,2023-09-20,^FTSE
E00664,milan,SS,2023,KER.PA,KER.PA,Gucci; Bottega Veneta,2,2023-09-21,2023-09-21,2023-09-26,FTSEMIB.MI
E00665,milan,SS,2023,1913.HK,1913.HK,Prada; Miu Miu,2,2023-09-21,2023-09-21,2023-09-26,FTSEMIB.MI
E00666,milan,SS,2023,BC.MI,BC.MI,Brunello Cucinelli,1,2023-09-21,2023-09-21,2023-09-26,FTSEMIB.MI
E00667,milan,SS,2023,MONC.MI,MONC.MI,Moncler,1,2023-09-21,2023-09-21,2023-09-26,FTSEMIB.MI
E00668,milan,SS,2023,SFER.MI,SFER.MI,Salvatore Ferragamo,1,2023-09-21,2023-09-21,2023-09-26,FTSEMIB.MI
E00669,milan,SS,2023,MC.PA,MC.PA,Fendi,1,2023-09-21,2023-09-21,2023-09-26,FTSEMIB.MI
E00670,paris,SS,2023,MC.PA,MC.PA,Louis Vuitton; Dior; Loewe; Celine; Givenchy; Fendi,6,2023-09-27,2023-09-27,2023-10-02,^FCHI
E00671,paris,SS,2023,KER.PA,KER.PA,Saint Laurent; Balenciaga; Alexander McQueen,3,2023-09-27,2023-09-27,2023-10-02,^FCHI
E00672,paris,SS,2023,RMS.PA,RMS.PA,Hermès,1,2023-09-27,2023-09-27,2023-10-02,^FCHI
E00673,new_york,FW,2024,CPRI,CPRI,Michael Kors,1,2024-02-09,2024-02-09,2024-02-15,^GSPC
E00674,new_york,FW,2024,TPR,TPR,Coach,1,2024-02-09,2024-02-09,2024-02-15,^GSPC
E00675,new_york,FW,2024,PVH,PVH,Calvin Klein; Tommy Hilfiger,2,2024-02-09,2024-02-09,2024-02-15,^GSPC
E00676,new_york,FW,2024,RL,RL,Ralph Lauren,1,2024-02-09,2024-02-09,2024-02-15,^GSPC
E00677,london,FW,2024,BRBY.L,BRBY.L,Burberry,1,2024-02-16,2024-02-16,2024-02-21,^FTSE
E00678,milan,FW,2024,KER.PA,KER.PA,Gucci; Bottega Veneta,2,2024-02-22,2024-02-22,2024-02-27,FTSEMIB.MI
E00679,milan,FW,2024,1913.HK,1913.HK,Prada; Miu Miu,2,2024-02-22,2024-02-22,2024-02-27,FTSEMIB.MI
E00680,milan,FW,2024,BC.MI,BC.MI,Brunello Cucinelli,1,2024-02-22,2024-02-22,2024-02-27,FTSEMIB.MI
E00681,milan,FW,2024,MONC.MI,MONC.MI,Moncler,1,2024-02-22,2024-02-22,2024-02-27,FTSEMIB.MI
E00682,milan,FW,2024,SFER.MI,SFER.MI,Salvatore Ferragamo,1,2024-02-22,2024-02-22,2024-02-27,FTSEMIB.MI
E00683,milan,FW,2024,MC.PA,MC.PA,Fendi,1,2024-02-22,2024-02-22,2024-02-27,FTSEMIB.MI
E00684,paris,FW,2024,MC.PA,MC.PA,Louis Vuitton; Dior; Loewe; Celine; Givenchy; Fendi,6,2024-02-28,2024-02-28,2024-03-04,^FCHI
E00685,paris,FW,2024,KER.PA,KER.PA,Saint Laurent; Balenciaga; Alexander McQueen,3,2024-02-28,2024-02-28,2024-03-04,^FCHI
E00686,paris,FW,2024,RMS.PA,RMS.PA,Hermès,1,2024-02-28,2024-02-28,2024-03-04,^FCHI
E00687,new_york,SS,2024,CPRI,CPRI,Michael Kors,1,2024-09-13,2024-09-13,2024-09-19,^GSPC
E00688,new_york,SS,2024,TPR,TPR,Coach,1,2024-09-13,2024-09-13,2024-09-19,^GSPC
E00689,new_york,SS,2024,PVH,PVH,Calvin Klein; Tommy Hilfiger,2,2024-09-13,2024-09-13,2024-09-19,^GSPC
E00690,new_york,SS,2024,RL,RL,Ralph Lauren,1,2024-09-13,2024-09-13,2024-09-19,^GSPC
E00691,london,SS,2024,BRBY.L,BRBY.L,Burberry,1,2024-09-20,2024-09-20,2024-09-25,^FTSE
E00692,milan,SS,2024,KER.PA,KER.PA,Gucci; Bottega Veneta,2,2024-09-26,2024-09-26,2024-10-01,FTSEMIB.MI
E00693,milan,SS,2024,1913.HK,1913.HK,Prada; Miu Miu,2,2024-09-26,2024-09-26,2024-10-01,FTSEMIB.MI
E00694,milan,SS,2024,BC.MI,BC.MI,Brunello Cucinelli,1,2024-09-26,2024-09-26,2024-10-01,FTSEMIB.MI
E00695,milan,SS,2024,MONC.MI,MONC.MI,Moncler,1,2024-09-26,2024-09-26,2024-10-01,FTSEMIB.MI
E00696,milan,SS,2024,SFER.MI,SFER.MI,Salvatore Ferragamo,1,2024-09-26,2024-09-26,2024-10-01,FTSEMIB.MI
E00697,milan,SS,2024,MC.PA,MC.PA,Fendi,1,2024-09-26,2024-09-26,2024-10-01,FTSEMIB.MI
E00698,paris,SS,2024,MC.PA,MC.PA,Louis Vuitton; Dior; Loewe; Celine; Givenchy; Fendi,6,2024-10-02,2024-10-02,2024-10-07,^FCHI
E00699,paris,SS,2024,KER.PA,KER.PA,Saint Laurent; Balenciaga; Alexander McQueen,3,2024-10-02,2024-10-02,2024-10-07,^FCHI
E00700,paris,SS,2024,RMS.PA,RMS.PA,Hermès,1,2024-10-02,2024-10-02,2024-10-07,^FCHI
E00701,new_york,FW,2025,CPRI,CPRI,Michael Kors,1,2025-02-07,2025-02-07,2025-02-13,^GSPC
E00702,new_york,FW,2025,TPR,TPR,Coach,1,2025-02-07,2025-02-07,2025-02-13,^GSPC
E00703,new_york,FW,2025,PVH,PVH,Calvin Klein; Tommy Hilfiger,2,2025-02-07,2025-02-07,2025-02-13,^GSPC
E00704,new_york,FW,2025,RL,RL,Ralph Lauren,1,2025-02-07,2025-02-07,2025-02-13,^GSPC
E00705,london,FW,2025,BRBY.L,BRBY.L,Burberry,1,2025-02-14,2025-02-14,2025-02-19,^FTSE
E00706,milan,FW,2025,KER.PA,KER.PA,Gucci; Bottega Veneta,2,2025-02-20,2025-02-20,2025-02-25,FTSEMIB.MI
E00707,milan,FW,2025,1913.HK,1913.HK,Prada; Miu Miu,2,2025-02-20,2025-02-20,2025-02-25,FTSEMIB.MI
E00708,milan,FW,2025,BC.MI,BC.MI,Brunello Cucinelli,1,2025-02-20,2025-02-20,2025-02-25,FTSEMIB.MI
E00709,milan,FW,2025,MONC.MI,MONC.MI,Moncler,1,2025-02-20,2025-02-20,2025-02-25,FTSEMIB.MI
E00710,milan,FW,2025,SFER.MI,SFER.MI,Salvatore Ferragamo,1,2025-02-20,2025-02-20,2025-02-25,FTSEMIB.MI
E00711,milan,FW,2025,MC.PA,MC.PA,Fendi,1,2025-02-20,2025-02-20,2025-02-25,FTSEMIB.MI
E00712,paris,FW,2025,MC.PA,MC.PA,Louis Vuitton; Dior; Loewe; Celine; Givenchy; Fendi,6,2025-02-26,2025-02-26,2025-03-03,^FCHI
E00713,paris,FW,2025,KER.PA,KER.PA,Saint Laurent; Balenciaga; Alexander McQueen,3,2025-02-26,2025-02-26,2025-03-03,^FCHI
E00714,paris,FW,2025,RMS.PA,RMS.PA,Hermès,1,2025-02-26,2025-02-26,2025-03-03,^FCHI
E00715,new_york,SS,2025,CPRI,CPRI,Michael Kors,1,2025-09-12,2025-09-12,2025-09-18,^GSPC
E00716,new_york,SS,2025,TPR,TPR,Coach,1,2025-09-12,2025-09-12,2025-09-18,^GSPC
E00717,new_york,SS,2025,PVH,PVH,Calvin Klein; Tommy Hilfiger,2,2025-09-12,2025-09-12,2025-09-18,^GSPC
E00718,new_york,SS,2025,RL,RL,Ralph Lauren,1,2025-09-12,2025-09-12,2025-09-18,^GSPC
E00719,london,SS,2025,BRBY.L,BRBY.L,Burberry,1,2025-09-19,2025-09-19,2025-09-24,^FTSE
E00720,milan,SS,2025,KER.PA,KER.PA,Gucci; Bottega Veneta,2,2025-09-25,2025-09-25,2025-09-30,FTSEMIB.MI
E00721,milan,SS,2025,1913.HK,1913.HK,Prada; Miu Miu,2,2025-09-25,2025-09-25,2025-09-30,FTSEMIB.MI
E00722,milan,SS,2025,BC.MI,BC.MI,Brunello Cucinelli,1,2025-09-25,2025-09-25,2025-09-30,FTSEMIB.MI
E00723,milan,SS,2025,MONC.MI,MONC.MI,Moncler,1,2025-09-25,2025-09-25,2025-09-30,FTSEMIB.MI
E00724,milan,SS,2025,SFER.MI,SFER.MI,Salvatore Ferragamo,1,2025-09-25,2025-09-25,2025-09-30,FTSEMIB.MI
E00725,milan,SS,2025,MC.PA,MC.PA,Fendi,1,2025-09-25,2025-09-25,2025-09-30,FTSEMIB.MI
E00726,paris,SS,2025,MC.PA,MC.PA,Louis Vuitton; Dior; Loewe; Celine; Givenchy; Fendi,6,2025-10-01,2025-10-01,2025-10-06,^FCHI
E00727,paris,SS,2025,KER.PA,KER.PA,Saint Laurent; Balenciaga; Alexander McQueen,3,2025-10-01,2025-10-01,2025-10-06,^FCHI
E00728,paris,SS,2025,RMS.PA,RMS.PA,Hermès,1,2025-10-01,2025-10-01,2025-10-06,^FCHI
