event_id,year,gala_date,theme,parent_ticker,ticker,show_date,dress_credits_count,top_celebrity_dressed,tier,article_url
E00001,2000,2000-05-01,Rock Style,MC.PA,MC.PA,2000-05-01,0,,N,
E00002,2000,2000-05-01,Rock Style,KER.PA,KER.PA,2000-05-01,0,,N,
E00003,2000,2000-05-01,Rock Style,CPRI,CPRI,2000-05-01,0,,N,
E00004,2000,2000-05-01,Rock Style,TPR,TPR,2000-05-01,0,,N,
E00005,2000,2000-05-01,Rock Style,COH,COH,2000-05-01,0,,N,
E00006,2000,2000-05-01,Rock Style,PVH,PVH,2000-05-01,0,,N,
E00007,2000,2000-05-01,Rock Style,RMS.PA,RMS.PA,2000-05-01,0,,N,
E00008,2000,2000-05-01,Rock Style,BRBY.L,BRBY.L,2000-05-01,0,,N,
E00009,2000,2000-05-01,Rock Style,1913.HK,1913.HK,2000-05-01,0,,N,
E00010,2000,2000-05-01,Rock Style,BC.MI,BC.MI,2000-05-01,0,,N,
E00011,2000,2000-05-01,Rock Style,MONC.MI,MONC.MI,2000-05-01,0,,N,
E00012,2000,2000-05-01,Rock Style,BOSS.DE,BOSS.DE,2000-05-01,0,,N,
E00013,2000,2000-05-01,Rock Style,RL,RL,2000-05-01,0,,N,
E00014,2000,2000-05-01,Rock Style,SFER.MI,SFER.MI,2000-05-01,0,,N,
E00015,2000,2000-05-01,Rock Style,TOD.MI,TOD.MI,2000-05-01,0,,N,
E00016,2001,2001-05-07,Jacqueline Kennedy: The White House Years,MC.PA,MC.PA,2001-05-07,0,,N,
E00017,2001,2001-05-07,Jacqueline Kennedy: The White House Years,KER.PA,KER.PA,2001-05-07,0,,N,
E00018,2001,2001-05-07,Jacqueline Kennedy: The White House Years,CPRI,CPRI,2001-05-07,0,,N,
E00019,2001,2001-05-07,Jacqueline Kennedy: The White House Years,TPR,TPR,2001-05-07,0,,N,
E00020,2001,2001-05-07,Jacqueline Kennedy: The White House Years,COH,COH,2001-05-07,0,,N,
E00021,2001,2001-05-07,Jacqueline Kennedy: The White House Years,PVH,PVH,2001-05-07,0,,N,
E00022,2001,2001-05-07,Jacqueline Kennedy: The White House Years,RMS.PA,RMS.PA,2001-05-07,0,,N,
E00023,2001,2001-05-07,Jacqueline Kennedy: The White House Years,BRBY.L,BRBY.L,2001-05-07,0,,N,
E00024,2001,2001-05-07,Jacqueline Kennedy: The White House Years,1913.HK,1913.HK,2001-05-07,0,,N,
E00025,2001,2001-05-07,Jacqueline Kennedy: The White House Years,BC.MI,BC.MI,2001-05-07,0,,N,
E00026,2001,2001-05-07,Jacqueline Kennedy: The White House Years,MONC.MI,MONC.MI,2001-05-07,0,,N,
E00027,2001,2001-05-07,Jacqueline Kennedy: The White House Years,BOSS.DE,BOSS.DE,2001-05-07,0,,N,
E00028,2001,2001-05-07,Jacqueline Kennedy: The White House Years,RL,RL,2001-05-07,0,,N,
E00029,2001,2001-05-07,Jacqueline Kennedy: The White House Years,SFER.MI,SFER.MI,2001-05-07,0,,N,
E00030,2001,2001-05-07,Jacqueline Kennedy: The White House Years,TOD.MI,TOD.MI,2001-05-07,0,,N,
E00031,2002,2002-05-06,Versace: Made in Italy,MC.PA,MC.PA,2002-05-06,0,,N,
E00032,2002,2002-05-06,Versace: Made in Italy,KER.PA,KER.PA,2002-05-06,0,,N,
E00033,2002,2002-05-06,Versace: Made in Italy,CPRI,CPRI,2002-05-06,0,,N,
E00034,2002,2002-05-06,Versace: Made in Italy,TPR,TPR,2002-05-06,0,,N,
E00035,2002,2002-05-06,Versace: Made in Italy,COH,COH,2002-05-06,0,,N,
E00036,2002,2002-05-06,Versace: Made in Italy,PVH,PVH,2002-05-06,0,,N,
E00037,2002,2002-05-06,Versace: Made in Italy,RMS.PA,RMS.PA,2002-05-06,0,,N,
E00038,2002,2002-05-06,Versace: Made in Italy,BRBY.L,BRBY.L,2002-05-06,0,,N,
E00039,2002,2002-05-06,Versace: Made in Italy,1913.HK,1913.HK,2002-05-06,0,,N,
E00040,2002,2002-05-06,Versace: Made in Italy,BC.MI,BC.MI,2002-05-06,0,,N,
E00041,2002,2002-05-06,Versace: Made in Italy,MONC.MI,MONC.MI,2002-05-06,0,,N,
E00042,2002,2002-05-06,Versace: Made in Italy,BOSS.DE,BOSS.DE,2002-05-06,0,,N,
E00043,2002,2002-05-06,Versace: Made in Italy,RL,RL,2002-05-06,0,,N,
E00044,2002,2002-05-06,Versace: Made in Italy,SFER.MI,SFER.MI,2002-05-06,0,,N,
E00045,2002,2002-05-06,Versace: Made in Italy,TOD.MI,TOD.MI,2002-05-06,0,,N,
E00046,2003,2003-05-05,Goddess: The Classical Mode,MC.PA,MC.PA,2003-05-05,0,,N,
E00047,2003,2003-05-05,Goddess: The Classical Mode,KER.PA,KER.PA,2003-05-05,0,,N,
E00048,2003,2003-05-05,Goddess: The Classical Mode,CPRI,CPRI,2003-05-05,0,,N,
E00049,2003,2003-05-05,Goddess: The Classical Mode,TPR,TPR,2003-05-05,0,,N,
E00050,2003,2003-05-05,Goddess: The Classical Mode,COH,COH,2003-05-05,0,,N,
E00051,2003,2003-05-05,Goddess: The Classical Mode,PVH,PVH,2003-05-05,0,,N,
E00052,2003,2003-05-05,Goddess: The Classical Mode,RMS.PA,RMS.PA,2003-05-05,0,,N,
E00053,2003,2003-05-05,Goddess: The Classical Mode,BRBY.L,BRBY.L,2003-05-05,0,,N,
E00054,2003,2003-05-05,Goddess: The Classical Mode,1913.HK,1913.HK,2003-05-05,0,,N,
E00055,2003,2003-05-05,Goddess: The Classical Mode,BC.MI,BC.MI,2003-05-05,0,,N,
E00056,2003,2003-05-05,Goddess: The Classical Mode,MONC.MI,MONC.MI,2003-05-05,0,,N,
E00057,2003,2003-05-05,Goddess: The Classical Mode,BOSS.DE,BOSS.DE,2003-05-05,0,,N,
E00058,2003,2003-05-05,Goddess: The Classical Mode,RL,RL,2003-05-05,0,,N,
E00059,2003,2003-05-05,Goddess: The Classical Mode,SFER.MI,SFER.MI,2003-05-05,0,,N,
E00060,2003,2003-05-05,Goddess: The Classical Mode,TOD.MI,TOD.MI,2003-05-05,0,,N,
E00061,2004,2004-05-03,Dangerous Liaisons,MC.PA,MC.PA,2004-05-03,0,,N,
E00062,2004,2004-05-03,Dangerous Liaisons,KER.PA,KER.PA,2004-05-03,0,,N,
E00063,2004,2004-05-03,Dangerous Liaisons,CPRI,CPRI,2004-05-03,0,,N,
E00064,2004,2004-05-03,Dangerous Liaisons,TPR,TPR,2004-05-03,0,,N,
E00065,2004,2004-05-03,Dangerous Liaisons,COH,COH,2004-05-03,0,,N,
E00066,2004,2004-05-03,Dangerous Liaisons,PVH,PVH,2004-05-03,0,,N,
E00067,2004,2004-05-03,Dangerous Liaisons,RMS.PA,RMS.PA,2004-05-03,0,,N,
E00068,2004,2004-05-03,Dangerous Liaisons,BRBY.L,BRBY.L,2004-05-03,0,,N,
E00069,2004,2004-05-03,Dangerous Liaisons,1913.HK,1913.HK,2004-05-03,0,,N,
E00070,2004,2004-05-03,Dangerous Liaisons,BC.MI,BC.MI,2004-05-03,0,,N,
E00071,2004,2004-05-03,Dangerous Liaisons,MONC.MI,MONC.MI,2004-05-03,0,,N,
E00072,2004,2004-05-03,Dangerous Liaisons,BOSS.DE,BOSS.DE,2004-05-03,0,,N,
E00073,2004,2004-05-03,Dangerous Liaisons,RL,RL,2004-05-03,0,,N,
E00074,2004,2004-05-03,Dangerous Liaisons,SFER.MI,SFER.MI,2004-05-03,0,,N,
E00075,2004,2004-05-03,Dangerous Liaisons,TOD.MI,TOD.MI,2004-05-03,0,,N,
E00076,2005,2005-05-02,Chanel,MC.PA,MC.PA,2005-05-02,0,,N,
E00077,2005,2005-05-02,Chanel,KER.PA,KER.PA,2005-05-02,0,,N,
E00078,2005,2005-05-02,Chanel,CPRI,CPRI,2005-05-02,0,,N,
E00079,2005,2005-05-02,Chanel,TPR,TPR,2005-05-02,0,,N,
E00080,2005,2005-05-02,Chanel,COH,COH,2005-05-02,0,,N,
E00081,2005,2005-05-02,Chanel,PVH,PVH,2005-05-02,0,,N,
E00082,2005,2005-05-02,Chanel,RMS.PA,RMS.PA,2005-05-02,0,,N,
E00083,2005,2005-05-02,Chanel,BRBY.L,BRBY.L,2005-05-02,0,,N,
E00084,2005,2005-05-02,Chanel,1913.HK,1913.HK,2005-05-02,0,,N,
E00085,2005,2005-05-02,Chanel,BC.MI,BC.MI,2005-05-02,0,,N,
E00086,2005,2005-05-02,Chanel,MONC.MI,MONC.MI,2005-05-02,0,,N,
E00087,2005,2005-05-02,Chanel,BOSS.DE,BOSS.DE,2005-05-02,0,,N,
E00088,2005,2005-05-02,Chanel,RL,RL,2005-05-02,0,,N,
E00089,2005,2005-05-02,Chanel,SFER.MI,SFER.MI,2005-05-02,0,,N,
E00090,2005,2005-05-02,Chanel,TOD.MI,TOD.MI,2005-05-02,0,,N,
E00091,2006,2006-05-01,AngloMania,MC.PA,MC.PA,2006-05-01,0,,N,
E00092,2006,2006-05-01,AngloMania,KER.PA,KER.PA,2006-05-01,0,,N,
E00093,2006,2006-05-01,AngloMania,CPRI,CPRI,2006-05-01,0,,N,
E00094,2006,2006-05-01,AngloMania,TPR,TPR,2006-05-01,0,,N,
E00095,2006,2006-05-01,AngloMania,COH,COH,2006-05-01,0,,N,
E00096,2006,2006-05-01,AngloMania,PVH,PVH,2006-05-01,0,,N,
E00097,2006,2006-05-01,AngloMania,RMS.PA,RMS.PA,2006-05-01,0,,N,
E00098,2006,2006-05-01,AngloMania,BRBY.L,BRBY.L,2006-05-01,0,,N,
E00099,2006,2006-05-01,AngloMania,1913.HK,1913.HK,2006-05-01,0,,N,
E00100,2006,2006-05-01,AngloMania,BC.MI,BC.MI,2006-05-01,0,,N,
E00101,2006,2006-05-01,AngloMania,MONC.MI,MONC.MI,2006-05-01,0,,N,
E00102,2006,2006-05-01,AngloMania,BOSS.DE,BOSS.DE,2006-05-01,0,,N,
E00103,2006,2006-05-01,AngloMania,RL,RL,2006-05-01,0,,N,
E00104,2006,2006-05-01,AngloMania,SFER.MI,SFER.MI,2006-05-01,0,,N,
E00105,2006,2006-05-01,AngloMania,TOD.MI,TOD.MI,2006-05-01,0,,N,
E00106,2007,2007-05-07,Poiret: King of Fashion,MC.PA,MC.PA,2007-05-07,0,,N,
E00107,2007,2007-05-07,Poiret: King of Fashion,KER.PA,KER.PA,2007-05-07,0,,N,
E00108,2007,2007-05-07,Poiret: King of Fashion,CPRI,CPRI,2007-05-07,0,,N,
E00109,2007,2007-05-07,Poiret: King of Fashion,TPR,TPR,2007-05-07,0,,N,
E00110,2007,2007-05-07,Poiret: King of Fashion,COH,COH,2007-05-07,0,,N,
E00111,2007,2007-05-07,Poiret: King of Fashion,PVH,PVH,2007-05-07,0,,N,
E00112,2007,2007-05-07,Poiret: King of Fashion,RMS.PA,RMS.PA,2007-05-07,0,,N,
E00113,2007,2007-05-07,Poiret: King of Fashion,BRBY.L,BRBY.L,2007-05-07,0,,N,
E00114,2007,2007-05-07,Poiret: King of Fashion,1913.HK,1913.HK,2007-05-07,0,,N,
E00115,2007,2007-05-07,Poiret: King of Fashion,BC.MI,BC.MI,2007-05-07,0,,N,
E00116,2007,2007-05-07,Poiret: King of Fashion,MONC.MI,MONC.MI,2007-05-07,0,,N,
E00117,2007,2007-05-07,Poiret: King of Fashion,BOSS.DE,BOSS.DE,2007-05-07,0,,N,
E00118,2007,2007-05-07,Poiret: King of Fashion,RL,RL,2007-05-07,0,,N,
E00119,2007,2007-05-07,Poiret: King of Fashion,SFER.MI,SFER.MI,2007-05-07,0,,N,
E00120,2007,2007-05-07,Poiret: King of Fashion,TOD.MI,TOD.MI,2007-05-07,0,,N,
E00121,2008,2008-05-05,Superheroes: Fashion and Fantasy,MC.PA,MC.PA,2008-05-05,0,,N,
E00122,2008,2008-05-05,Superheroes: Fashion and Fantasy,KER.PA,KER.PA,2008-05-05,0,,N,
E00123,2008,2008-05-05,Superheroes: Fashion and Fantasy,CPRI,CPRI,2008-05-05,0,,N,
E00124,2008,2008-05-05,Superheroes: Fashion and Fantasy,TPR,TPR,2008-05-05,0,,N,
E00125,2008,2008-05-05,Superheroes: Fashion and Fantasy,COH,COH,2008-05-05,0,,N,
E00126,2008,2008-05-05,Superheroes: Fashion and Fantasy,PVH,PVH,2008-05-05,0,,N,
E00127,2008,2008-05-05,Superheroes: Fashion and Fantasy,RMS.PA,RMS.PA,2008-05-05,0,,N,
E00128,2008,2008-05-05,Superheroes: Fashion and Fantasy,BRBY.L,BRBY.L,2008-05-05,0,,N,
E00129,2008,2008-05-05,Superheroes: Fashion and Fantasy,1913.HK,1913.HK,2008-05-05,0,,N,
E00130,2008,2008-05-05,Superheroes: Fashion and Fantasy,BC.MI,BC.MI,2008-05-05,0,,N,
E00131,2008,2008-05-05,Superheroes: Fashion and Fantasy,MONC.MI,MONC.MI,2008-05-05,0,,N,
E00132,2008,2008-05-05,Superheroes: Fashion and Fantasy,BOSS.DE,BOSS.DE,2008-05-05,0,,N,
E00133,2008,2008-05-05,Superheroes: Fashion and Fantasy,RL,RL,2008-05-05,0,,N,
E00134,2008,2008-05-05,Superheroes: Fashion and Fantasy,SFER.MI,SFER.MI,2008-05-05,0,,N,
E00135,2008,2008-05-05,Superheroes: Fashion and Fantasy,TOD.MI,TOD.MI,2008-05-05,0,,N,
E00136,2009,2009-05-04,The Model as Muse,MC.PA,MC.PA,2009-05-04,0,,N,
E00137,2009,2009-05-04,The Model as Muse,KER.PA,KER.PA,2009-05-04,0,,N,
E00138,2009,2009-05-04,The Model as Muse,CPRI,CPRI,2009-05-04,0,,N,
E00139,2009,2009-05-04,The Model as Muse,TPR,TPR,2009-05-04,0,,N,
E00140,2009,2009-05-04,The Model as Muse,COH,COH,2009-05-04,0,,N,
E00141,2009,2009-05-04,The Model as Muse,PVH,PVH,2009-05-04,0,,N,
E00142,2009,2009-05-04,The Model as Muse,RMS.PA,RMS.PA,2009-05-04,0,,N,
E00143,2009,2009-05-04,The Model as Muse,BRBY.L,BRBY.L,2009-05-04,0,,N,
E00144,2009,2009-05-04,The Model as Muse,1913.HK,1913.HK,2009-05-04,0,,N,
E00145,2009,2009-05-04,The Model as Muse,BC.MI,BC.MI,2009-05-04,0,,N,
E00146,2009,2009-05-04,The Model as Muse,MONC.MI,MONC.MI,2009-05-04,0,,N,
E00147,2009,2009-05-04,The Model as Muse,BOSS.DE,BOSS.DE,2009-05-04,0,,N,
E00148,2009,2009-05-04,The Model as Muse,RL,RL,2009-05-04,0,,N,
E00149,2009,2009-05-04,The Model as Muse,SFER.MI,SFER.MI,2009-05-04,0,,N,
E00150,2009,2009-05-04,The Model as Muse,TOD.MI,TOD.MI,2009-05-04,0,,N,
E00151,2010,2010-05-03,American Woman: Fashioning a National Identity,MC.PA,MC.PA,2010-05-03,0,,N,
E00152,2010,2010-05-03,American Woman: Fashioning a National Identity,KER.PA,KER.PA,2010-05-03,0,,N,
E00153,2010,2010-05-03,American Woman: Fashioning a National Identity,CPRI,CPRI,2010-05-03,0,,N,
E00154,2010,2010-05-03,American Woman: Fashioning a National Identity,TPR,TPR,2010-05-03,0,,N,
E00155,2010,2010-05-03,American Woman: Fashioning a National Identity,COH,COH,2010-05-03,0,,N,
E00156,2010,2010-05-03,American Woman: Fashioning a National Identity,PVH,PVH,2010-05-03,0,,N,
E00157,2010,2010-05-03,American Woman: Fashioning a National Identity,RMS.PA,RMS.PA,2010-05-03,0,,N,
E00158,2010,2010-05-03,American Woman: Fashioning a National Identity,BRBY.L,BRBY.L,2010-05-03,0,,N,
E00159,2010,2010-05-03,American Woman: Fashioning a National Identity,1913.HK,1913.HK,2010-05-03,0,,N,
E00160,2010,2010-05-03,American Woman: Fashioning a National Identity,BC.MI,BC.MI,2010-05-03,0,,N,
E00161,2010,2010-05-03,American Woman: Fashioning a National Identity,MONC.MI,MONC.MI,2010-05-03,0,,N,
E00162,2010,2010-05-03,American Woman: Fashioning a National Identity,BOSS.DE,BOSS.DE,2010-05-03,0,,N,
E00163,2010,2010-05-03,American Woman: Fashioning a National Identity,RL,RL,2010-05-03,0,,N,
E00164,2010,2010-05-03,American Woman: Fashioning a National Identity,SFER.MI,SFER.MI,2010-05-03,0,,N,
E00165,2010,2010-05-03,American Woman: Fashioning a National Identity,TOD.MI,TOD.MI,2010-05-03,0,,N,
E00166,2011,2011-05-02,Alexander McQueen: Savage Beauty,MC.PA,MC.PA,2011-05-02,0,,N,
E00167,2011,2011-05-02,Alexander McQueen: Savage Beauty,KER.PA,KER.PA,2011-05-02,0,,N,
E00168,2011,2011-05-02,Alexander McQueen: Savage Beauty,CPRI,CPRI,2011-05-02,0,,N,
E00169,2011,2011-05-02,Alexander McQueen: Savage Beauty,TPR,TPR,2011-05-02,0,,N,
E00170,2011,2011-05-02,Alexander McQueen: Savage Beauty,COH,COH,2011-05-02,0,,N,
E00171,2011,2011-05-02,Alexander McQueen: Savage Beauty,PVH,PVH,2011-05-02,0,,N,
E00172,2011,2011-05-02,Alexander McQueen: Savage Beauty,RMS.PA,RMS.PA,2011-05-02,0,,N,
E00173,2011,2011-05-02,Alexander McQueen: Savage Beauty,BRBY.L,BRBY.L,2011-05-02,0,,N,
E00174,2011,2011-05-02,Alexander McQueen: Savage Beauty,1913.HK,1913.HK,2011-05-02,0,,N,
E00175,2011,2011-05-02,Alexander McQueen: Savage Beauty,BC.MI,BC.MI,2011-05-02,0,,N,
E00176,2011,2011-05-02,Alexander McQueen: Savage Beauty,MONC.MI,MONC.MI,2011-05-02,0,,N,
E00177,2011,2011-05-02,Alexander McQueen: Savage Beauty,BOSS.DE,BOSS.DE,2011-05-02,0,,N,
E00178,2011,2011-05-02,Alexander McQueen: Savage Beauty,RL,RL,2011-05-02,0,,N,
E00179,2011,2011-05-02,Alexander McQueen: Savage Beauty,SFER.MI,SFER.MI,2011-05-02,0,,N,
E00180,2011,2011-05-02,Alexander McQueen: Savage Beauty,TOD.MI,TOD.MI,2011-05-02,0,,N,
E00181,2012,2012-05-07,Schiaparelli and Prada: Impossible Conversations,MC.PA,MC.PA,2012-05-07,0,,N,
E00182,2012,2012-05-07,Schiaparelli and Prada: Impossible Conversations,KER.PA,KER.PA,2012-05-07,0,,N,
E00183,2012,2012-05-07,Schiaparelli and Prada: Impossible Conversations,CPRI,CPRI,2012-05-07,0,,N,
E00184,2012,2012-05-07,Schiaparelli and Prada: Impossible Conversations,TPR,TPR,2012-05-07,0,,N,
E00185,2012,2012-05-07,Schiaparelli and Prada: Impossible Conversations,COH,COH,2012-05-07,0,,N,
E00186,2012,2012-05-07,Schiaparelli and Prada: Impossible Conversations,PVH,PVH,2012-05-07,0,,N,
E00187,2012,2012-05-07,Schiaparelli and Prada: Impossible Conversations,RMS.PA,RMS.PA,2012-05-07,0,,N,
E00188,2012,2012-05-07,Schiaparelli and Prada: Impossible Conversations,BRBY.L,BRBY.L,2012-05-07,0,,N,
E00189,2012,2012-05-07,Schiaparelli and Prada: Impossible Conversations,1913.HK,1913.HK,2012-05-07,0,,N,
E00190,2012,2012-05-07,Schiaparelli and Prada: Impossible Conversations,BC.MI,BC.MI,2012-05-07,0,,N,
E00191,2012,2012-05-07,Schiaparelli and Prada: Impossible Conversations,MONC.MI,MONC.MI,2012-05-07,0,,N,
E00192,2012,2012-05-07,Schiaparelli and Prada: Impossible Conversations,BOSS.DE,BOSS.DE,2012-05-07,0,,N,
E00193,2012,2012-05-07,Schiaparelli and Prada: Impossible Conversations,RL,RL,2012-05-07,0,,N,
E00194,2012,2012-05-07,Schiaparelli and Prada: Impossible Conversations,SFER.MI,SFER.MI,2012-05-07,0,,N,
E00195,2012,2012-05-07,Schiaparelli and Prada: Impossible Conversations,TOD.MI,TOD.MI,2012-05-07,0,,N,
E00196,2013,2013-05-06,Punk: Chaos to Couture,MC.PA,MC.PA,2013-05-06,0,,N,
E00197,2013,2013-05-06,Punk: Chaos to Couture,KER.PA,KER.PA,2013-05-06,0,,N,
E00198,2013,2013-05-06,Punk: Chaos to Couture,CPRI,CPRI,2013-05-06,0,,N,
E00199,2013,2013-05-06,Punk: Chaos to Couture,TPR,TPR,2013-05-06,0,,N,
E00200,2013,2013-05-06,Punk: Chaos to Couture,COH,COH,2013-05-06,0,,N,
E00201,2013,2013-05-06,Punk: Chaos to Couture,PVH,PVH,2013-05-06,0,,N,
E00202,2013,2013-05-06,Punk: Chaos to Couture,RMS.PA,RMS.PA,2013-05-06,0,,N,
E00203,2013,2013-05-06,Punk: Chaos to Couture,BRBY.L,BRBY.L,2013-05-06,0,,N,
E00204,2013,2013-05-06,Punk: Chaos to Couture,1913.HK,1913.HK,2013-05-06,0,,N,
E00205,2013,2013-05-06,Punk: Chaos to Couture,BC.MI,BC.MI,2013-05-06,0,,N,
E00206,2013,2013-05-06,Punk: Chaos to Couture,MONC.MI,MONC.MI,2013-05-06,0,,N,
E00207,2013,2013-05-06,Punk: Chaos to Couture,BOSS.DE,BOSS.DE,2013-05-06,0,,N,
E00208,2013,2013-05-06,Punk: Chaos to Couture,RL,RL,2013-05-06,0,,N,
E00209,2013,2013-05-06,Punk: Chaos to Couture,SFER.MI,SFER.MI,2013-05-06,0,,N,
E00210,2013,2013-05-06,Punk: Chaos to Couture,TOD.MI,TOD.MI,2013-05-06,0,,N,
E00211,2014,2014-05-05,Charles James: Beyond Fashion,MC.PA,MC.PA,2014-05-05,0,,N,
E00212,2014,2014-05-05,Charles James: Beyond Fashion,KER.PA,KER.PA,2014-05-05,0,,N,
E00213,2014,2014-05-05,Charles James: Beyond Fashion,CPRI,CPRI,2014-05-05,0,,N,
E00214,2014,2014-05-05,Charles James: Beyond Fashion,TPR,TPR,2014-05-05,0,,N,
E00215,2014,2014-05-05,Charles James: Beyond Fashion,COH,COH,2014-05-05,0,,N,
E00216,2014,2014-05-05,Charles James: Beyond Fashion,PVH,PVH,2014-05-05,0,,N,
E00217,2014,2014-05-05,Charles James: Beyond Fashion,RMS.PA,RMS.PA,2014-05-05,0,,N,
E00218,2014,2014-05-05,Charles James: Beyond Fashion,BRBY.L,BRBY.L,2014-05-05,0,,N,
E00219,2014,2014-05-05,Charles James: Beyond Fashion,1913.HK,1913.HK,2014-05-05,0,,N,
E00220,2014,2014-05-05,Charles James: Beyond Fashion,BC.MI,BC.MI,2014-05-05,0,,N,
E00221,2014,2014-05-05,Charles James: Beyond Fashion,MONC.MI,MONC.MI,2014-05-05,0,,N,
E00222,2014,2014-05-05,Charles James: Beyond Fashion,BOSS.DE,BOSS.DE,2014-05-05,0,,N,
E00223,2014,2014-05-05,Charles James: Beyond Fashion,RL,RL,2014-05-05,0,,N,
E00224,2014,2014-05-05,Charles James: Beyond Fashion,SFER.MI,SFER.MI,2014-05-05,0,,N,
E00225,2014,2014-05-05,Charles James: Beyond Fashion,TOD.MI,TOD.MI,2014-05-05,0,,N,
E00226,2015,2015-05-04,China: Through the Looking Glass,MC.PA,MC.PA,2015-05-04,0,,N,
E00227,2015,2015-05-04,China: Through the Looking Glass,KER.PA,KER.PA,2015-05-04,0,,N,
E00228,2015,2015-05-04,China: Through the Looking Glass,CPRI,CPRI,2015-05-04,0,,N,
E00229,2015,2015-05-04,China: Through the Looking Glass,TPR,TPR,2015-05-04,0,,N,
E00230,2015,2015-05-04,China: Through the Looking Glass,COH,COH,2015-05-04,0,,N,
E00231,2015,2015-05-04,China: Through the Looking Glass,PVH,PVH,2015-05-04,0,,N,
E00232,2015,2015-05-04,China: Through the Looking Glass,RMS.PA,RMS.PA,2015-05-04,0,,N,
E00233,2015,2015-05-04,China: Through the Looking Glass,BRBY.L,BRBY.L,2015-05-04,0,,N,
E00234,2015,2015-05-04,China: Through the Looking Glass,1913.HK,1913.HK,2015-05-04,0,,N,
E00235,2015,2015-05-04,China: Through the Looking Glass,BC.MI,BC.MI,2015-05-04,0,,N,
E00236,2015,2015-05-04,China: Through the Looking Glass,MONC.MI,MONC.MI,2015-05-04,0,,N,
E00237,2015,2015-05-04,China: Through the Looking Glass,BOSS.DE,BOSS.DE,2015-05-04,0,,N,
E00238,2015,2015-05-04,China: Through the Looking Glass,RL,RL,2015-05-04,0,,N,
E00239,2015,2015-05-04,China: Through the Looking Glass,SFER.MI,SFER.MI,2015-05-04,0,,N,
E00240,2015,2015-05-04,China: Through the Looking Glass,TOD.MI,TOD.MI,2015-05-04,0,,N,
E00241,2016,2016-05-02,Manus x Machina: Fashion in an Age of Technology,MC.PA,MC.PA,2016-05-02,0,,N,
E00242,2016,2016-05-02,Manus x Machina: Fashion in an Age of Technology,KER.PA,KER.PA,2016-05-02,0,,N,
E00243,2016,2016-05-02,Manus x Machina: Fashion in an Age of Technology,CPRI,CPRI,2016-05-02,0,,N,
E00244,2016,2016-05-02,Manus x Machina: Fashion in an Age of Technology,TPR,TPR,2016-05-02,0,,N,
E00245,2016,2016-05-02,Manus x Machina: Fashion in an Age of Technology,COH,COH,2016-05-02,0,,N,
E00246,2016,2016-05-02,Manus x Machina: Fashion in an Age of Technology,PVH,PVH,2016-05-02,0,,N,
E00247,2016,2016-05-02,Manus x Machina: Fashion in an Age of Technology,RMS.PA,RMS.PA,2016-05-02,0,,N,
E00248,2016,2016-05-02,Manus x Machina: Fashion in an Age of Technology,BRBY.L,BRBY.L,2016-05-02,0,,N,
E00249,2016,2016-05-02,Manus x Machina: Fashion in an Age of Technology,1913.HK,1913.HK,2016-05-02,0,,N,
E00250,2016,2016-05-02,Manus x Machina: Fashion in an Age of Technology,BC.MI,BC.MI,2016-05-02,0,,N,
E00251,2016,2016-05-02,Manus x Machina: Fashion in an Age of Technology,MONC.MI,MONC.MI,2016-05-02,0,,N,
E00252,2016,2016-05-02,Manus x Machina: Fashion in an Age of Technology,BOSS.DE,BOSS.DE,2016-05-02,0,,N,
E00253,2016,2016-05-02,Manus x Machina: Fashion in an Age of Technology,RL,RL,2016-05-02,0,,N,
E00254,2016,2016-05-02,Manus x Machina: Fashion in an Age of Technology,SFER.MI,SFER.MI,2016-05-02,0,,N,
E00255,2016,2016-05-02,Manus x Machina: Fashion in an Age of Technology,TOD.MI,TOD.MI,2016-05-02,0,,N,
E00256,2017,2017-05-01,Rei Kawakubo/Comme des Garcons: Art of the In-Between,MC.PA,MC.PA,2017-05-01,0,,N,
E00257,2017,2017-05-01,Rei Kawakubo/Comme des Garcons: Art of the In-Between,KER.PA,KER.PA,2017-05-01,0,,N,
E00258,2017,2017-05-01,Rei Kawakubo/Comme des Garcons: Art of the In-Between,CPRI,CPRI,2017-05-01,0,,N,
E00259,2017,2017-05-01,Rei Kawakubo/Comme des Garcons: Art of the In-Between,TPR,TPR,2017-05-01,0,,N,
E00260,2017,2017-05-01,Rei Kawakubo/Comme des Garcons: Art of the In-Between,COH,COH,2017-05-01,0,,N,
E00261,2017,2017-05-01,Rei Kawakubo/Comme des Garcons: Art of the In-Between,PVH,PVH,2017-05-01,0,,N,
E00262,2017,2017-05-01,Rei Kawakubo/Comme des Garcons: Art of the In-Between,RMS.PA,RMS.PA,2017-05-01,0,,N,
E00263,2017,2017-05-01,Rei Kawakubo/Comme des Garcons: Art of the In-Between,BRBY.L,BRBY.L,2017-05-01,0,,N,
E00264,2017,2017-05-01,Rei Kawakubo/Comme des Garcons: Art of the In-Between,1913.HK,1913.HK,2017-05-01,0,,N,
E00265,2017,2017-05-01,Rei Kawakubo/Comme des Garcons: Art of the In-Between,BC.MI,BC.MI,2017-05-01,0,,N,
E00266,2017,2017-05-01,Rei Kawakubo/Comme des Garcons: Art of the In-Between,MONC.MI,MONC.MI,2017-05-01,0,,N,
E00267,2017,2017-05-01,Rei Kawakubo/Comme des Garcons: Art of the In-Between,BOSS.DE,BOSS.DE,2017-05-01,0,,N,
E00268,2017,2017-05-01,Rei Kawakubo/Comme des Garcons: Art of the In-Between,RL,RL,2017-05-01,0,,N,
E00269,2017,2017-05-01,Rei Kawakubo/Comme des Garcons: Art of the In-Between,SFER.MI,SFER.MI,2017-05-01,0,,N,
E00270,2017,2017-05-01,Rei Kawakubo/Comme des Garcons: Art of the In-Between,TOD.MI,TOD.MI,2017-05-01,0,,N,
E00271,2018,2018-05-07,Heavenly Bodies: Fashion and the Catholic Imagination,MC.PA,MC.PA,2018-05-07,0,,N,
E00272,2018,2018-05-07,Heavenly Bodies: Fashion and the Catholic Imagination,KER.PA,KER.PA,2018-05-07,0,,N,
E00273,2018,2018-05-07,Heavenly Bodies: Fashion and the Catholic Imagination,CPRI,CPRI,2018-05-07,0,,N,
E00274,2018,2018-05-07,Heavenly Bodies: Fashion and the Catholic Imagination,TPR,TPR,2018-05-07,0,,N,
E00275,2018,2018-05-07,Heavenly Bodies: Fashion and the Catholic Imagination,COH,COH,2018-05-07,0,,N,
E00276,2018,2018-05-07,Heavenly Bodies: Fashion and the Catholic Imagination,PVH,PVH,2018-05-07,0,,N,
E00277,2018,2018-05-07,Heavenly Bodies: Fashion and the Catholic Imagination,RMS.PA,RMS.PA,2018-05-07,0,,N,
E00278,2018,2018-05-07,Heavenly Bodies: Fashion and the Catholic Imagination,BRBY.L,BRBY.L,2018-05-07,0,,N,
E00279,2018,2018-05-07,Heavenly Bodies: Fashion and the Catholic Imagination,1913.HK,1913.HK,2018-05-07,0,,N,
E00280,2018,2018-05-07,Heavenly Bodies: Fashion and the Catholic Imagination,BC.MI,BC.MI,2018-05-07,0,,N,
E00281,2018,2018-05-07,Heavenly Bodies: Fashion and the Catholic Imagination,MONC.MI,MONC.MI,2018-05-07,0,,N,
E00282,2018,2018-05-07,Heavenly Bodies: Fashion and the Catholic Imagination,BOSS.DE,BOSS.DE,2018-05-07,0,,N,
E00283,2018,2018-05-07,Heavenly Bodies: Fashion and the Catholic Imagination,RL,RL,2018-05-07,0,,N,
E00284,2018,2018-05-07,Heavenly Bodies: Fashion and the Catholic Imagination,SFER.MI,SFER.MI,2018-05-07,0,,N,
E00285,2018,2018-05-07,Heavenly Bodies: Fashion and the Catholic Imagination,TOD.MI,TOD.MI,2018-05-07,0,,N,
E00286,2019,2019-05-06,Camp: Notes on Fashion,MC.PA,MC.PA,2019-05-06,0,,N,
E00287,2019,2019-05-06,Camp: Notes on Fashion,KER.PA,KER.PA,2019-05-06,0,,N,
E00288,2019,2019-05-06,Camp: Notes on Fashion,CPRI,CPRI,2019-05-06,0,,N,
E00289,2019,2019-05-06,Camp: Notes on Fashion,TPR,TPR,2019-05-06,0,,N,
E00290,2019,2019-05-06,Camp: Notes on Fashion,COH,COH,2019-05-06,0,,N,
E00291,2019,2019-05-06,Camp: Notes on Fashion,PVH,PVH,2019-05-06,0,,N,
E00292,2019,2019-05-06,Camp: Notes on Fashion,RMS.PA,RMS.PA,2019-05-06,0,,N,
E00293,2019,2019-05-06,Camp: Notes on Fashion,BRBY.L,BRBY.L,2019-05-06,0,,N,
E00294,2019,2019-05-06,Camp: Notes on Fashion,1913.HK,1913.HK,2019-05-06,0,,N,
E00295,2019,2019-05-06,Camp: Notes on Fashion,BC.MI,BC.MI,2019-05-06,0,,N,
E00296,2019,2019-05-06,Camp: Notes on Fashion,MONC.MI,MONC.MI,2019-05-06,0,,N,
E00297,2019,2019-05-06,Camp: Notes on Fashion,BOSS.DE,BOSS.DE,2019-05-06,0,,N,
E00298,2019,2019-05-06,Camp: Notes on Fashion,RL,RL,2019-05-06,0,,N,
E00299,2019,2019-05-06,Camp: Notes on Fashion,SFER.MI,SFER.MI,2019-05-06,0,,N,
E00300,2019,2019-05-06,Camp: Notes on Fashion,TOD.MI,TOD.MI,2019-05-06,0,,N,
E00301,2021,2021-09-13,In America: A Lexicon of Fashion,MC.PA,MC.PA,2021-09-13,0,,N,
E00302,2021,2021-09-13,In America: A Lexicon of Fashion,KER.PA,KER.PA,2021-09-13,0,,N,
E00303,2021,2021-09-13,In America: A Lexicon of Fashion,CPRI,CPRI,2021-09-13,0,,N,
E00304,2021,2021-09-13,In America: A Lexicon of Fashion,TPR,TPR,2021-09-13,0,,N,
E00305,2021,2021-09-13,In America: A Lexicon of Fashion,COH,COH,2021-09-13,0,,N,
E00306,2021,2021-09-13,In America: A Lexicon of Fashion,PVH,PVH,2021-09-13,0,,N,
E00307,2021,2021-09-13,In America: A Lexicon of Fashion,RMS.PA,RMS.PA,2021-09-13,0,,N,
E00308,2021,2021-09-13,In America: A Lexicon of Fashion,BRBY.L,BRBY.L,2021-09-13,0,,N,
E00309,2021,2021-09-13,In America: A Lexicon of Fashion,1913.HK,1913.HK,2021-09-13,0,,N,
E00310,2021,2021-09-13,In America: A Lexicon of Fashion,BC.MI,BC.MI,2021-09-13,0,,N,
E00311,2021,2021-09-13,In America: A Lexicon of Fashion,MONC.MI,MONC.MI,2021-09-13,0,,N,
E00312,2021,2021-09-13,In America: A Lexicon of Fashion,BOSS.DE,BOSS.DE,2021-09-13,0,,N,
E00313,2021,2021-09-13,In America: A Lexicon of Fashion,RL,RL,2021-09-13,0,,N,
E00314,2021,2021-09-13,In America: A Lexicon of Fashion,SFER.MI,SFER.MI,2021-09-13,0,,N,
E00315,2021,2021-09-13,In America: A Lexicon of Fashion,TOD.MI,TOD.MI,2021-09-13,0,,N,
E00316,2022,2022-05-02,In America: An Anthology of Fashion,MC.PA,MC.PA,2022-05-02,0,,N,
E00317,2022,2022-05-02,In America: An Anthology of Fashion,KER.PA,KER.PA,2022-05-02,0,,N,
E00318,2022,2022-05-02,In America: An Anthology of Fashion,CPRI,CPRI,2022-05-02,0,,N,
E00319,2022,2022-05-02,In America: An Anthology of Fashion,TPR,TPR,2022-05-02,0,,N,
E00320,2022,2022-05-02,In America: An Anthology of Fashion,COH,COH,2022-05-02,0,,N,
E00321,2022,2022-05-02,In America: An Anthology of Fashion,PVH,PVH,2022-05-02,0,,N,
E00322,2022,2022-05-02,In America: An Anthology of Fashion,RMS.PA,RMS.PA,2022-05-02,0,,N,
E00323,2022,2022-05-02,In America: An Anthology of Fashion,BRBY.L,BRBY.L,2022-05-02,0,,N,
E00324,2022,2022-05-02,In America: An Anthology of Fashion,1913.HK,1913.HK,2022-05-02,0,,N,
E00325,2022,2022-05-02,In America: An Anthology of Fashion,BC.MI,BC.MI,2022-05-02,0,,N,
E00326,2022,2022-05-02,In America: An Anthology of Fashion,MONC.MI,MONC.MI,2022-05-02,0,,N,
E00327,2022,2022-05-02,In America: An Anthology of Fashion,BOSS.DE,BOSS.DE,2022-05-02,0,,N,
E00328,2022,2022-05-02,In America: An Anthology of Fashion,RL,RL,2022-05-02,0,,N,
E00329,2022,2022-05-02,In America: An Anthology of Fashion,SFER.MI,SFER.MI,2022-05-02,0,,N,
E00330,2022,2022-05-02,In America: An Anthology of Fashion,TOD.MI,TOD.MI,2022-05-02,0,,N,
E00331,2023,2023-05-01,Karl Lagerfeld: A Line of Beauty,MC.PA,MC.PA,2023-05-01,0,,N,
E00332,2023,2023-05-01,Karl Lagerfeld: A Line of Beauty,KER.PA,KER.PA,2023-05-01,0,,N,
E00333,2023,2023-05-01,Karl Lagerfeld: A Line of Beauty,CPRI,CPRI,2023-05-01,0,,N,
E00334,2023,2023-05-01,Karl Lagerfeld: A Line of Beauty,TPR,TPR,2023-05-01,0,,N,
E00335,2023,2023-05-01,Karl Lagerfeld: A Line of Beauty,COH,COH,2023-05-01,0,,N,
E00336,2023,2023-05-01,Karl Lagerfeld: A Line of Beauty,PVH,PVH,2023-05-01,0,,N,
E00337,2023,2023-05-01,Karl Lagerfeld: A Line of Beauty,RMS.PA,RMS.PA,2023-05-01,0,,N,
E00338,2023,2023-05-01,Karl Lagerfeld: A Line of Beauty,BRBY.L,BRBY.L,2023-05-01,0,,N,
E00339,2023,2023-05-01,Karl Lagerfeld: A Line of Beauty,1913.HK,1913.HK,2023-05-01,0,,N,
E00340,2023,2023-05-01,Karl Lagerfeld: A Line of Beauty,BC.MI,BC.MI,2023-05-01,0,,N,
E00341,2023,2023-05-01,Karl Lagerfeld: A Line of Beauty,MONC.MI,MONC.MI,2023-05-01,0,,N,
E00342,2023,2023-05-01,Karl Lagerfeld: A Line of Beauty,BOSS.DE,BOSS.DE,2023-05-01,0,,N,
E00343,2023,2023-05-01,Karl Lagerfeld: A Line of Beauty,RL,RL,2023-05-01,0,,N,
E00344,2023,2023-05-01,Karl Lagerfeld: A Line of Beauty,SFER.MI,SFER.MI,2023-05-01,0,,N,
E00345,2023,2023-05-01,Karl Lagerfeld: A Line of Beauty,TOD.MI,TOD.MI,2023-05-01,0,,N,
E00346,2024,2024-05-06,Sleeping Beauties: Reawakening Fashion,MC.PA,MC.PA,2024-05-06,0,,N,
E00347,2024,2024-05-06,Sleeping Beauties: Reawakening Fashion,KER.PA,KER.PA,2024-05-06,0,,N,
E00348,2024,2024-05-06,Sleeping Beauties: Reawakening Fashion,CPRI,CPRI,2024-05-06,0,,N,
E00349,2024,2024-05-06,Sleeping Beauties: Reawakening Fashion,TPR,TPR,2024-05-06,0,,N,
E00350,2024,2024-05-06,Sleeping Beauties: Reawakening Fashion,COH,COH,2024-05-06,0,,N,
E00351,2024,2024-05-06,Sleeping Beauties: Reawakening Fashion,PVH,PVH,2024-05-06,0,,N,
E00352,2024,2024-05-06,Sleeping Beauties: Reawakening Fashion,RMS.PA,RMS.PA,2024-05-06,0,,N,
E00353,2024,2024-05-06,Sleeping Beauties: Reawakening Fashion,BRBY.L,BRBY.L,2024-05-06,0,,N,
E00354,2024,2024-05-06,Sleeping Beauties: Reawakening Fashion,1913.HK,1913.HK,2024-05-06,0,,N,
E00355,2024,2024-05-06,Sleeping Beauties: Reawakening Fashion,BC.MI,BC.MI,2024-05-06,0,,N,
E00356,2024,2024-05-06,Sleeping Beauties: Reawakening Fashion,MONC.MI,MONC.MI,2024-05-06,0,,N,
E00357,2024,2024-05-06,Sleeping Beauties: Reawakening Fashion,BOSS.DE,BOSS.DE,2024-05-06,0,,N,
E00358,2024,2024-05-06,Sleeping Beauties: Reawakening Fashion,RL,RL,2024-05-06,0,,N,
E00359,2024,2024-05-06,Sleeping Beauties: Reawakening Fashion,SFER.MI,SFER.MI,2024-05-06,0,,N,
E00360,2024,2024-05-06,Sleeping Beauties: Reawakening Fashion,TOD.MI,TOD.MI,2024-05-06,0,,N,
E00361,2025,2025-05-05,Superfine: Tailoring Black Style,MC.PA,MC.PA,2025-05-05,0,,N,https://www.vogue.com/article/met-gala-2025-red-carpet
E00362,2025,2025-05-05,Superfine: Tailoring Black Style,KER.PA,KER.PA,2025-05-05,2,(unknown),C,https://www.vogue.com/article/met-gala-2025-red-carpet
E00363,2025,2025-05-05,Superfine: Tailoring Black Style,CPRI,CPRI,2025-05-05,0,,N,https://www.vogue.com/article/met-gala-2025-red-carpet
E00364,2025,2025-05-05,Superfine: Tailoring Black Style,TPR,TPR,2025-05-05,0,,N,https://www.vogue.com/article/met-gala-2025-red-carpet
E00365,2025,2025-05-05,Superfine: Tailoring Black Style,COH,COH,2025-05-05,0,,N,https://www.vogue.com/article/met-gala-2025-red-carpet
E00366,2025,2025-05-05,Superfine: Tailoring Black Style,PVH,PVH,2025-05-05,0,,N,https://www.vogue.com/article/met-gala-2025-red-carpet
E00367,2025,2025-05-05,Superfine: Tailoring Black Style,RMS.PA,RMS.PA,2025-05-05,0,,N,https://www.vogue.com/article/met-gala-2025-red-carpet
E00368,2025,2025-05-05,Superfine: Tailoring Black Style,BRBY.L,BRBY.L,2025-05-05,0,,N,https://www.vogue.com/article/met-gala-2025-red-carpet
E00369,2025,2025-05-05,Superfine: Tailoring Black Style,1913.HK,1913.HK,2025-05-05,0,,N,https://www.vogue.com/article/met-gala-2025-red-carpet
E00370,2025,2025-05-05,Superfine: Tailoring Black Style,BC.MI,BC.MI,2025-05-05,0,,N,https://www.vogue.com/article/met-gala-2025-red-carpet
E00371,2025,2025-05-05,Superfine: Tailoring Black Style,MONC.MI,MONC.MI,2025-05-05,0,,N,https://www.vogue.com/article/met-gala-2025-red-carpet
E00372,2025,2025-05-05,Superfine: Tailoring Black Style,BOSS.DE,BOSS.DE,2025-05-05,0,,N,https://www.vogue.com/article/met-gala-2025-red-carpet
E00373,2025,2025-05-05,Superfine: Tailoring Black Style,RL,RL,2025-05-05,0,,N,https://www.vogue.com/article/met-gala-2025-red-carpet
E00374,2025,2025-05-05,Superfine: Tailoring Black Style,SFER.MI,SFER.MI,2025-05-05,0,,N,https://www.vogue.com/article/met-gala-2025-red-carpet
E00375,2025,2025-05-05,Superfine: Tailoring Black Style,TOD.MI,TOD.MI,2025-05-05,0,,N,https://www.vogue.com/article/met-gala-2025-red-carpet
