look_id,model,tagged_at
celine|FW2015|001,gemini-2.5-flash,2026-07-02
celine|FW2015|002,gemini-2.5-flash,2026-07-02
celine|FW2015|003,gemini-2.5-flash,2026-07-02
celine|FW2015|004,gemini-2.5-flash,2026-07-02
celine|FW2015|005,gemini-2.5-flash,2026-07-02
celine|FW2015|006,gemini-2.5-flash,2026-07-02
celine|FW2015|007,gemini-2.5-flash,2026-07-02
celine|FW2015|008,gemini-2.5-flash,2026-07-02
celine|FW2015|009,gemini-2.5-flash,2026-07-02
celine|FW2015|010,gemini-2.5-flash,2026-07-02
celine|FW2015|011,gemini-2.5-flash,2026-07-02
celine|FW2015|012,gemini-2.5-flash,2026-07-02
celine|FW2015|013,gemini-2.5-flash,2026-07-02
celine|FW2015|014,gemini-2.5-flash,2026-07-02
celine|FW2015|015,gemini-2.5-flash,2026-07-02
celine|FW2015|017,gemini-2.5-flash,2026-07-02
celine|FW2015|018,gemini-2.5-flash,2026-07-02
celine|FW2015|019,gemini-2.5-flash,2026-07-02
alexander-mcqueen|FW2015|001,gemini-2.5-flash-lite,2026-07-02
alexander-mcqueen|FW2015|002,gemini-2.5-flash-lite,2026-07-02
alexander-mcqueen|FW2015|004,meta-llama/llama-4-scout-17b-16e-instruct,2026-07-02
alexander-mcqueen|FW2015|005,meta-llama/llama-4-scout-17b-16e-instruct,2026-07-02
alexander-mcqueen|FW2015|006,meta-llama/llama-4-scout-17b-16e-instruct,2026-07-02
alexander-mcqueen|FW2015|007,meta-llama/llama-4-scout-17b-16e-instruct,2026-07-02
alexander-mcqueen|FW2015|008,pixtral-12b-2409,2026-07-02
alexander-mcqueen|FW2015|009,pixtral-12b-2409,2026-07-02
alexander-mcqueen|FW2015|010,pixtral-12b-2409,2026-07-02
alexander-mcqueen|FW2015|011,pixtral-12b-2409,2026-07-02
alexander-mcqueen|FW2015|012,meta-llama/llama-4-scout-17b-16e-instruct,2026-07-02
alexander-mcqueen|FW2015|013,meta-llama/llama-4-scout-17b-16e-instruct,2026-07-02
alexander-mcqueen|FW2015|014,meta-llama/llama-4-scout-17b-16e-instruct,2026-07-02
alexander-mcqueen|FW2015|015,meta-llama/llama-4-scout-17b-16e-instruct,2026-07-02
alexander-mcqueen|FW2015|016,meta-llama/llama-4-scout-17b-16e-instruct,2026-07-02
alexander-mcqueen|FW2015|017,meta-llama/llama-4-scout-17b-16e-instruct,2026-07-02
alexander-mcqueen|FW2015|018,meta-llama/llama-4-scout-17b-16e-instruct,2026-07-02
alexander-mcqueen|FW2015|019,meta-llama/llama-4-scout-17b-16e-instruct,2026-07-02
alexander-mcqueen|FW2015|020,meta-llama/llama-4-scout-17b-16e-instruct,2026-07-02
alexander-mcqueen|FW2015|021,meta-llama/llama-4-scout-17b-16e-instruct,2026-07-02
alexander-mcqueen|FW2015|022,meta-llama/llama-4-scout-17b-16e-instruct,2026-07-02
alexander-mcqueen|FW2015|023,meta-llama/llama-4-scout-17b-16e-instruct,2026-07-02
alexander-mcqueen|FW2015|024,meta-llama/llama-4-scout-17b-16e-instruct,2026-07-02
alexander-mcqueen|FW2015|025,meta-llama/llama-4-scout-17b-16e-instruct,2026-07-02
alexander-mcqueen|FW2015|026,meta-llama/llama-4-scout-17b-16e-instruct,2026-07-02
alexander-mcqueen|FW2015|027,meta-llama/llama-4-scout-17b-16e-instruct,2026-07-02
alexander-mcqueen|FW2015|028,meta-llama/llama-4-scout-17b-16e-instruct,2026-07-02
alexander-mcqueen|FW2015|029,meta-llama/llama-4-scout-17b-16e-instruct,2026-07-02
alexander-mcqueen|FW2015|031,meta-llama/llama-4-scout-17b-16e-instruct,2026-07-02
alexander-mcqueen|FW2015|033,meta-llama/llama-4-scout-17b-16e-instruct,2026-07-02
alexander-mcqueen|FW2015|034,meta-llama/llama-4-scout-17b-16e-instruct,2026-07-02
alexander-mcqueen|FW2015|035,meta-llama/llama-4-scout-17b-16e-instruct,2026-07-02
alexander-mcqueen|FW2015|038,meta-llama/llama-4-scout-17b-16e-instruct,2026-07-02
alexander-mcqueen|FW2015|039,meta-llama/llama-4-scout-17b-16e-instruct,2026-07-02
alexander-mcqueen|FW2015|040,meta-llama/llama-4-scout-17b-16e-instruct,2026-07-02
alexander-mcqueen|FW2015|041,meta-llama/llama-4-scout-17b-16e-instruct,2026-07-02
alexander-mcqueen|FW2015|042,meta-llama/llama-4-scout-17b-16e-instruct,2026-07-02
alexander-mcqueen|FW2015|044,meta-llama/llama-4-scout-17b-16e-instruct,2026-07-02
alexander-mcqueen|FW2015|046,meta-llama/llama-4-scout-17b-16e-instruct,2026-07-02
alexander-mcqueen|FW2015|050,meta-llama/llama-4-scout-17b-16e-instruct,2026-07-03
alexander-mcqueen|FW2015|051,meta-llama/llama-4-scout-17b-16e-instruct,2026-07-03
alexander-mcqueen|FW2015|052,meta-llama/llama-4-scout-17b-16e-instruct,2026-07-03
alexander-mcqueen|FW2015|054,meta-llama/llama-4-scout-17b-16e-instruct,2026-07-03
alexander-mcqueen|FW2015|055,meta-llama/llama-4-scout-17b-16e-instruct,2026-07-03
alexander-mcqueen|FW2015|057,meta-llama/llama-4-scout-17b-16e-instruct,2026-07-03
alexander-mcqueen|FW2015|059,meta-llama/llama-4-scout-17b-16e-instruct,2026-07-03
alexander-mcqueen|FW2015|060,meta-llama/llama-4-scout-17b-16e-instruct,2026-07-03
alexander-mcqueen|FW2016|002,meta-llama/llama-4-scout-17b-16e-instruct,2026-07-03
alexander-mcqueen|FW2016|005,meta-llama/llama-4-scout-17b-16e-instruct,2026-07-03
alexander-mcqueen|FW2016|008,meta-llama/llama-4-scout-17b-16e-instruct,2026-07-03
alexander-mcqueen|FW2016|010,meta-llama/llama-4-scout-17b-16e-instruct,2026-07-03
alexander-mcqueen|FW2016|013,meta-llama/llama-4-scout-17b-16e-instruct,2026-07-03
alexander-mcqueen|FW2016|015,meta-llama/llama-4-scout-17b-16e-instruct,2026-07-03
alexander-mcqueen|FW2016|018,meta-llama/llama-4-scout-17b-16e-instruct,2026-07-03
alexander-mcqueen|FW2016|019,meta-llama/llama-4-scout-17b-16e-instruct,2026-07-03
alexander-mcqueen|FW2016|021,meta-llama/llama-4-scout-17b-16e-instruct,2026-07-03
alexander-mcqueen|FW2016|023,meta-llama/llama-4-scout-17b-16e-instruct,2026-07-03
alexander-mcqueen|FW2016|024,meta-llama/llama-4-scout-17b-16e-instruct,2026-07-03
alexander-mcqueen|FW2016|025,meta-llama/llama-4-scout-17b-16e-instruct,2026-07-03
alexander-mcqueen|FW2016|026,meta-llama/llama-4-scout-17b-16e-instruct,2026-07-03
alexander-mcqueen|FW2016|031,meta-llama/llama-4-scout-17b-16e-instruct,2026-07-03
alexander-mcqueen|FW2016|033,meta-llama/llama-4-scout-17b-16e-instruct,2026-07-03
alexander-mcqueen|FW2016|034,meta-llama/llama-4-scout-17b-16e-instruct,2026-07-03
alexander-mcqueen|FW2016|035,meta-llama/llama-4-scout-17b-16e-instruct,2026-07-03
alexander-mcqueen|FW2016|036,meta-llama/llama-4-scout-17b-16e-instruct,2026-07-03
alexander-mcqueen|FW2016|038,meta-llama/llama-4-scout-17b-16e-instruct,2026-07-03
alexander-mcqueen|FW2016|041,meta-llama/llama-4-scout-17b-16e-instruct,2026-07-03
alexander-mcqueen|FW2016|043,meta-llama/llama-4-scout-17b-16e-instruct,2026-07-03
alexander-mcqueen|FW2016|044,meta-llama/llama-4-scout-17b-16e-instruct,2026-07-03
alexander-mcqueen|FW2016|045,meta-llama/llama-4-scout-17b-16e-instruct,2026-07-03
alexander-mcqueen|FW2016|046,meta-llama/llama-4-scout-17b-16e-instruct,2026-07-03
alexander-mcqueen|FW2016|047,meta-llama/llama-4-scout-17b-16e-instruct,2026-07-03
alexander-mcqueen|FW2016|048,meta-llama/llama-4-scout-17b-16e-instruct,2026-07-03
alexander-mcqueen|FW2016|049,meta-llama/llama-4-scout-17b-16e-instruct,2026-07-03
alexander-mcqueen|FW2016|050,meta-llama/llama-4-scout-17b-16e-instruct,2026-07-03
alexander-mcqueen|FW2016|051,meta-llama/llama-4-scout-17b-16e-instruct,2026-07-03
alexander-mcqueen|FW2016|052,meta-llama/llama-4-scout-17b-16e-instruct,2026-07-03
alexander-mcqueen|FW2016|053,meta-llama/llama-4-scout-17b-16e-instruct,2026-07-03
alexander-mcqueen|FW2016|054,meta-llama/llama-4-scout-17b-16e-instruct,2026-07-03
alexander-mcqueen|FW2016|055,meta-llama/llama-4-scout-17b-16e-instruct,2026-07-03
alexander-mcqueen|FW2016|056,meta-llama/llama-4-scout-17b-16e-instruct,2026-07-03
alexander-mcqueen|FW2016|057,meta-llama/llama-4-scout-17b-16e-instruct,2026-07-03
alexander-mcqueen|FW2016|058,meta-llama/llama-4-scout-17b-16e-instruct,2026-07-03
alexander-mcqueen|FW2016|059,meta-llama/llama-4-scout-17b-16e-instruct,2026-07-03
alexander-mcqueen|FW2016|060,pixtral-12b-2409,2026-07-03
alexander-mcqueen|FW2017|001,pixtral-12b-2409,2026-07-03
alexander-mcqueen|FW2017|002,pixtral-12b-2409,2026-07-03
alexander-mcqueen|FW2017|003,pixtral-12b-2409,2026-07-03
alexander-mcqueen|FW2017|004,pixtral-12b-2409,2026-07-03
alexander-mcqueen|FW2017|005,pixtral-12b-2409,2026-07-03
alexander-mcqueen|FW2017|006,pixtral-12b-2409,2026-07-03
alexander-mcqueen|FW2017|007,pixtral-12b-2409,2026-07-03
alexander-mcqueen|FW2017|008,pixtral-12b-2409,2026-07-03
alexander-mcqueen|FW2017|009,pixtral-12b-2409,2026-07-03
alexander-mcqueen|FW2017|010,pixtral-12b-2409,2026-07-03
alexander-mcqueen|FW2017|011,pixtral-12b-2409,2026-07-03
alexander-mcqueen|FW2017|012,pixtral-12b-2409,2026-07-03
alexander-mcqueen|FW2017|013,pixtral-12b-2409,2026-07-03
alexander-mcqueen|FW2017|014,pixtral-12b-2409,2026-07-03
alexander-mcqueen|FW2017|015,pixtral-12b-2409,2026-07-03
alexander-mcqueen|FW2017|017,pixtral-12b-2409,2026-07-03
alexander-mcqueen|FW2017|020,pixtral-12b-2409,2026-07-03
alexander-mcqueen|FW2017|021,pixtral-12b-2409,2026-07-03
alexander-mcqueen|FW2017|022,pixtral-12b-2409,2026-07-03
alexander-mcqueen|FW2017|023,pixtral-12b-2409,2026-07-03
alexander-mcqueen|FW2017|024,pixtral-12b-2409,2026-07-03
alexander-mcqueen|FW2017|025,pixtral-12b-2409,2026-07-03
alexander-mcqueen|FW2017|026,pixtral-12b-2409,2026-07-03
alexander-mcqueen|FW2017|027,pixtral-12b-2409,2026-07-03
alexander-mcqueen|FW2017|028,pixtral-12b-2409,2026-07-03
alexander-mcqueen|FW2017|029,pixtral-12b-2409,2026-07-03
alexander-mcqueen|FW2017|030,pixtral-12b-2409,2026-07-03
alexander-mcqueen|FW2017|031,pixtral-12b-2409,2026-07-03
alexander-mcqueen|FW2017|032,pixtral-12b-2409,2026-07-03
alexander-mcqueen|FW2017|033,pixtral-12b-2409,2026-07-03
alexander-mcqueen|FW2017|034,pixtral-12b-2409,2026-07-03
alexander-mcqueen|FW2017|035,pixtral-12b-2409,2026-07-03
alexander-mcqueen|FW2017|036,pixtral-12b-2409,2026-07-03
alexander-mcqueen|FW2017|037,pixtral-12b-2409,2026-07-03
alexander-mcqueen|FW2017|038,pixtral-12b-2409,2026-07-03
alexander-mcqueen|FW2017|039,pixtral-12b-2409,2026-07-03
alexander-mcqueen|FW2017|040,pixtral-12b-2409,2026-07-03
alexander-mcqueen|FW2017|041,pixtral-12b-2409,2026-07-03
alexander-mcqueen|FW2017|042,pixtral-12b-2409,2026-07-03
alexander-mcqueen|FW2017|043,pixtral-12b-2409,2026-07-03
alexander-mcqueen|FW2017|044,pixtral-12b-2409,2026-07-03
alexander-mcqueen|FW2017|045,pixtral-12b-2409,2026-07-03
alexander-mcqueen|FW2017|046,pixtral-12b-2409,2026-07-03
alexander-mcqueen|FW2017|047,pixtral-12b-2409,2026-07-03
alexander-mcqueen|FW2017|048,pixtral-12b-2409,2026-07-03
alexander-mcqueen|FW2017|049,pixtral-12b-2409,2026-07-03
alexander-mcqueen|FW2017|051,pixtral-12b-2409,2026-07-03
alexander-mcqueen|FW2017|052,pixtral-12b-2409,2026-07-03
alexander-mcqueen|FW2017|053,pixtral-12b-2409,2026-07-03
alexander-mcqueen|FW2017|054,pixtral-12b-2409,2026-07-03
alexander-mcqueen|FW2017|055,pixtral-12b-2409,2026-07-03
alexander-mcqueen|FW2017|056,pixtral-12b-2409,2026-07-03
alexander-mcqueen|FW2017|057,pixtral-12b-2409,2026-07-03
alexander-mcqueen|FW2017|058,pixtral-12b-2409,2026-07-03
alexander-mcqueen|FW2018|001,pixtral-12b-2409,2026-07-03
alexander-mcqueen|FW2018|002,pixtral-12b-2409,2026-07-03
alexander-mcqueen|FW2018|003,pixtral-12b-2409,2026-07-03
alexander-mcqueen|FW2018|004,pixtral-12b-2409,2026-07-03
alexander-mcqueen|FW2018|005,pixtral-12b-2409,2026-07-03
alexander-mcqueen|FW2018|006,pixtral-12b-2409,2026-07-03
alexander-mcqueen|FW2018|007,pixtral-12b-2409,2026-07-03
alexander-mcqueen|FW2018|008,pixtral-12b-2409,2026-07-03
alexander-mcqueen|FW2018|009,pixtral-12b-2409,2026-07-03
alexander-mcqueen|FW2018|010,pixtral-12b-2409,2026-07-03
alexander-mcqueen|FW2018|011,pixtral-12b-2409,2026-07-03
alexander-mcqueen|FW2018|012,pixtral-12b-2409,2026-07-03
alexander-mcqueen|FW2018|013,pixtral-12b-2409,2026-07-03
alexander-mcqueen|FW2018|014,pixtral-12b-2409,2026-07-03
alexander-mcqueen|FW2018|015,pixtral-12b-2409,2026-07-03
alexander-mcqueen|FW2018|016,pixtral-12b-2409,2026-07-03
alexander-mcqueen|FW2018|017,pixtral-12b-2409,2026-07-03
alexander-mcqueen|FW2018|018,pixtral-12b-2409,2026-07-03
alexander-mcqueen|FW2018|019,pixtral-12b-2409,2026-07-03
alexander-mcqueen|FW2018|020,pixtral-12b-2409,2026-07-03
alexander-mcqueen|FW2018|021,pixtral-12b-2409,2026-07-03
alexander-mcqueen|FW2018|022,pixtral-12b-2409,2026-07-03
alexander-mcqueen|FW2018|023,pixtral-12b-2409,2026-07-03
alexander-mcqueen|FW2018|024,pixtral-12b-2409,2026-07-03
alexander-mcqueen|FW2018|025,pixtral-12b-2409,2026-07-03
alexander-mcqueen|FW2018|026,pixtral-12b-2409,2026-07-03
alexander-mcqueen|FW2018|027,pixtral-12b-2409,2026-07-03
alexander-mcqueen|FW2018|028,pixtral-12b-2409,2026-07-03
alexander-mcqueen|FW2018|030,pixtral-12b-2409,2026-07-03
alexander-mcqueen|FW2018|031,pixtral-12b-2409,2026-07-03
alexander-mcqueen|FW2018|032,pixtral-12b-2409,2026-07-03
alexander-mcqueen|FW2018|033,pixtral-12b-2409,2026-07-03
alexander-mcqueen|FW2018|034,pixtral-12b-2409,2026-07-03
alexander-mcqueen|FW2018|035,pixtral-12b-2409,2026-07-03
alexander-mcqueen|FW2018|036,pixtral-12b-2409,2026-07-03
alexander-mcqueen|FW2018|037,pixtral-12b-2409,2026-07-03
alexander-mcqueen|FW2018|039,pixtral-12b-2409,2026-07-03
alexander-mcqueen|FW2018|026,meta-llama/llama-4-scout-17b-16e-instruct,2026-07-03
alexander-mcqueen|FW2018|027,meta-llama/llama-4-scout-17b-16e-instruct,2026-07-03
alexander-mcqueen|FW2018|028,meta-llama/llama-4-scout-17b-16e-instruct,2026-07-03
alexander-mcqueen|FW2018|029,meta-llama/llama-4-scout-17b-16e-instruct,2026-07-03
alexander-mcqueen|FW2018|030,meta-llama/llama-4-scout-17b-16e-instruct,2026-07-03
alexander-mcqueen|FW2018|031,meta-llama/llama-4-scout-17b-16e-instruct,2026-07-03
alexander-mcqueen|FW2018|032,meta-llama/llama-4-scout-17b-16e-instruct,2026-07-03
alexander-mcqueen|FW2018|033,meta-llama/llama-4-scout-17b-16e-instruct,2026-07-03
alexander-mcqueen|FW2018|034,meta-llama/llama-4-scout-17b-16e-instruct,2026-07-03
alexander-mcqueen|FW2018|035,meta-llama/llama-4-scout-17b-16e-instruct,2026-07-03
alexander-mcqueen|FW2018|036,meta-llama/llama-4-scout-17b-16e-instruct,2026-07-03
alexander-mcqueen|FW2018|037,meta-llama/llama-4-scout-17b-16e-instruct,2026-07-03
alexander-mcqueen|FW2018|038,meta-llama/llama-4-scout-17b-16e-instruct,2026-07-03
alexander-mcqueen|FW2018|039,meta-llama/llama-4-scout-17b-16e-instruct,2026-07-03
alexander-mcqueen|FW2018|040,meta-llama/llama-4-scout-17b-16e-instruct,2026-07-03
alexander-mcqueen|FW2018|041,meta-llama/llama-4-scout-17b-16e-instruct,2026-07-03
alexander-mcqueen|FW2018|042,pixtral-12b-2409,2026-07-03
alexander-mcqueen|FW2018|043,pixtral-12b-2409,2026-07-03
alexander-mcqueen|FW2018|044,pixtral-12b-2409,2026-07-03
alexander-mcqueen|FW2018|045,pixtral-12b-2409,2026-07-03
alexander-mcqueen|FW2018|046,pixtral-12b-2409,2026-07-03
alexander-mcqueen|FW2018|047,pixtral-12b-2409,2026-07-03
alexander-mcqueen|FW2018|048,pixtral-12b-2409,2026-07-03
alexander-mcqueen|FW2018|049,pixtral-12b-2409,2026-07-03
alexander-mcqueen|FW2018|050,pixtral-12b-2409,2026-07-03
alexander-mcqueen|FW2018|051,pixtral-12b-2409,2026-07-03
alexander-mcqueen|FW2018|052,pixtral-12b-2409,2026-07-03
alexander-mcqueen|FW2018|053,pixtral-12b-2409,2026-07-03
alexander-mcqueen|FW2018|054,pixtral-12b-2409,2026-07-03
alexander-mcqueen|FW2018|055,pixtral-12b-2409,2026-07-03
alexander-mcqueen|FW2018|056,pixtral-12b-2409,2026-07-03
alexander-mcqueen|FW2018|057,pixtral-12b-2409,2026-07-03
alexander-mcqueen|FW2018|058,pixtral-12b-2409,2026-07-03
alexander-mcqueen|FW2018|059,pixtral-12b-2409,2026-07-03
alexander-mcqueen|FW2018|060,pixtral-12b-2409,2026-07-03
alexander-mcqueen|FW2019|001,pixtral-12b-2409,2026-07-03
alexander-mcqueen|FW2019|002,pixtral-12b-2409,2026-07-03
alexander-mcqueen|FW2019|003,pixtral-12b-2409,2026-07-03
alexander-mcqueen|FW2019|004,pixtral-12b-2409,2026-07-03
alexander-mcqueen|FW2019|005,pixtral-12b-2409,2026-07-03
alexander-mcqueen|FW2019|006,pixtral-12b-2409,2026-07-03
alexander-mcqueen|FW2019|007,pixtral-12b-2409,2026-07-03
alexander-mcqueen|FW2019|008,pixtral-12b-2409,2026-07-03
alexander-mcqueen|FW2019|009,pixtral-12b-2409,2026-07-03
alexander-mcqueen|FW2019|010,pixtral-12b-2409,2026-07-03
alexander-mcqueen|FW2019|011,pixtral-12b-2409,2026-07-03
alexander-mcqueen|FW2019|012,pixtral-12b-2409,2026-07-03
alexander-mcqueen|FW2019|013,pixtral-12b-2409,2026-07-03
alexander-mcqueen|FW2019|014,pixtral-12b-2409,2026-07-03
alexander-mcqueen|FW2019|015,pixtral-12b-2409,2026-07-03
alexander-mcqueen|FW2019|016,pixtral-12b-2409,2026-07-03
alexander-mcqueen|FW2019|017,pixtral-12b-2409,2026-07-03
alexander-mcqueen|FW2019|018,pixtral-12b-2409,2026-07-03
alexander-mcqueen|FW2019|019,pixtral-12b-2409,2026-07-03
alexander-mcqueen|FW2019|020,pixtral-12b-2409,2026-07-03
alexander-mcqueen|FW2019|021,pixtral-12b-2409,2026-07-03
alexander-mcqueen|FW2019|022,pixtral-12b-2409,2026-07-03
alexander-mcqueen|FW2019|023,pixtral-12b-2409,2026-07-03
alexander-mcqueen|FW2019|024,pixtral-12b-2409,2026-07-03
alexander-mcqueen|FW2019|025,pixtral-12b-2409,2026-07-03
alexander-mcqueen|FW2019|026,pixtral-12b-2409,2026-07-03
alexander-mcqueen|FW2019|027,pixtral-12b-2409,2026-07-03
alexander-mcqueen|FW2019|028,pixtral-12b-2409,2026-07-03
alexander-mcqueen|FW2019|029,pixtral-12b-2409,2026-07-03
alexander-mcqueen|FW2019|030,pixtral-12b-2409,2026-07-03
alexander-mcqueen|FW2019|031,pixtral-12b-2409,2026-07-03
alexander-mcqueen|FW2019|032,pixtral-12b-2409,2026-07-03
alexander-mcqueen|FW2019|033,pixtral-12b-2409,2026-07-03
alexander-mcqueen|FW2019|034,pixtral-12b-2409,2026-07-03
alexander-mcqueen|FW2019|035,pixtral-12b-2409,2026-07-03
alexander-mcqueen|FW2019|036,pixtral-12b-2409,2026-07-03
alexander-mcqueen|FW2019|037,pixtral-12b-2409,2026-07-03
alexander-mcqueen|FW2019|038,pixtral-12b-2409,2026-07-03
alexander-mcqueen|FW2019|039,pixtral-12b-2409,2026-07-03
alexander-mcqueen|FW2019|040,pixtral-12b-2409,2026-07-03
alexander-mcqueen|FW2019|041,pixtral-12b-2409,2026-07-03
alexander-mcqueen|FW2019|042,pixtral-12b-2409,2026-07-03
alexander-mcqueen|FW2019|043,pixtral-12b-2409,2026-07-03
alexander-mcqueen|FW2019|044,pixtral-12b-2409,2026-07-03
alexander-mcqueen|FW2019|045,pixtral-12b-2409,2026-07-03
alexander-mcqueen|FW2019|046,pixtral-12b-2409,2026-07-03
alexander-mcqueen|FW2019|047,pixtral-12b-2409,2026-07-03
alexander-mcqueen|FW2019|048,pixtral-12b-2409,2026-07-03
alexander-mcqueen|FW2019|049,pixtral-12b-2409,2026-07-03
alexander-mcqueen|FW2019|050,pixtral-12b-2409,2026-07-03
alexander-mcqueen|FW2019|051,pixtral-12b-2409,2026-07-03
alexander-mcqueen|FW2019|052,pixtral-12b-2409,2026-07-03
alexander-mcqueen|FW2019|053,pixtral-12b-2409,2026-07-03
alexander-mcqueen|FW2019|054,pixtral-12b-2409,2026-07-03
alexander-mcqueen|FW2019|055,pixtral-12b-2409,2026-07-03
alexander-mcqueen|FW2019|056,pixtral-12b-2409,2026-07-03
alexander-mcqueen|FW2019|057,pixtral-12b-2409,2026-07-03
alexander-mcqueen|FW2019|058,pixtral-12b-2409,2026-07-03
alexander-mcqueen|FW2019|059,pixtral-12b-2409,2026-07-03
alexander-mcqueen|FW2019|060,pixtral-12b-2409,2026-07-03
alexander-mcqueen|FW2020|001,pixtral-12b-2409,2026-07-03
alexander-mcqueen|FW2020|002,pixtral-12b-2409,2026-07-03
alexander-mcqueen|FW2020|003,pixtral-12b-2409,2026-07-03
alexander-mcqueen|FW2020|004,pixtral-12b-2409,2026-07-03
alexander-mcqueen|FW2020|005,pixtral-12b-2409,2026-07-03
alexander-mcqueen|FW2020|006,pixtral-12b-2409,2026-07-03
alexander-mcqueen|FW2020|007,pixtral-12b-2409,2026-07-03
alexander-mcqueen|FW2020|008,pixtral-12b-2409,2026-07-03
alexander-mcqueen|FW2020|009,pixtral-12b-2409,2026-07-03
alexander-mcqueen|FW2020|010,pixtral-12b-2409,2026-07-03
alexander-mcqueen|FW2020|011,pixtral-12b-2409,2026-07-03
alexander-mcqueen|FW2020|012,pixtral-12b-2409,2026-07-03
alexander-mcqueen|FW2020|013,pixtral-12b-2409,2026-07-03
alexander-mcqueen|FW2020|014,pixtral-12b-2409,2026-07-03
alexander-mcqueen|FW2020|015,pixtral-12b-2409,2026-07-03
alexander-mcqueen|FW2020|016,pixtral-12b-2409,2026-07-03
alexander-mcqueen|FW2020|017,pixtral-12b-2409,2026-07-03
alexander-mcqueen|FW2020|018,pixtral-12b-2409,2026-07-03
alexander-mcqueen|FW2020|019,pixtral-12b-2409,2026-07-03
alexander-mcqueen|FW2020|020,pixtral-12b-2409,2026-07-03
alexander-mcqueen|FW2020|021,pixtral-12b-2409,2026-07-03
alexander-mcqueen|FW2020|022,pixtral-12b-2409,2026-07-03
alexander-mcqueen|FW2020|023,pixtral-12b-2409,2026-07-03
alexander-mcqueen|FW2020|024,pixtral-12b-2409,2026-07-03
alexander-mcqueen|FW2020|025,pixtral-12b-2409,2026-07-03
alexander-mcqueen|FW2020|026,pixtral-12b-2409,2026-07-03
alexander-mcqueen|FW2020|027,pixtral-12b-2409,2026-07-03
alexander-mcqueen|FW2020|028,pixtral-12b-2409,2026-07-03
alexander-mcqueen|FW2020|029,pixtral-12b-2409,2026-07-03
alexander-mcqueen|FW2020|030,pixtral-12b-2409,2026-07-03
alexander-mcqueen|FW2020|031,pixtral-12b-2409,2026-07-03
alexander-mcqueen|FW2020|032,pixtral-12b-2409,2026-07-03
alexander-mcqueen|FW2020|033,pixtral-12b-2409,2026-07-03
alexander-mcqueen|FW2020|034,pixtral-12b-2409,2026-07-03
alexander-mcqueen|FW2020|035,pixtral-12b-2409,2026-07-03
alexander-mcqueen|FW2020|036,pixtral-12b-2409,2026-07-03
alexander-mcqueen|FW2020|037,pixtral-12b-2409,2026-07-03
alexander-mcqueen|FW2020|038,pixtral-12b-2409,2026-07-03
alexander-mcqueen|FW2020|039,pixtral-12b-2409,2026-07-03
alexander-mcqueen|FW2020|040,pixtral-12b-2409,2026-07-03
alexander-mcqueen|FW2020|041,pixtral-12b-2409,2026-07-03
alexander-mcqueen|FW2020|042,pixtral-12b-2409,2026-07-03
alexander-mcqueen|FW2020|043,pixtral-12b-2409,2026-07-03
alexander-mcqueen|FW2020|044,pixtral-12b-2409,2026-07-03
alexander-mcqueen|FW2020|045,pixtral-12b-2409,2026-07-03
alexander-mcqueen|FW2020|046,pixtral-12b-2409,2026-07-03
alexander-mcqueen|FW2020|047,pixtral-12b-2409,2026-07-03
alexander-mcqueen|FW2020|048,pixtral-12b-2409,2026-07-03
alexander-mcqueen|FW2020|049,pixtral-12b-2409,2026-07-03
alexander-mcqueen|FW2020|050,pixtral-12b-2409,2026-07-03
alexander-mcqueen|FW2020|051,pixtral-12b-2409,2026-07-03
alexander-mcqueen|FW2020|052,pixtral-12b-2409,2026-07-03
alexander-mcqueen|FW2020|053,pixtral-12b-2409,2026-07-03
alexander-mcqueen|FW2020|054,pixtral-12b-2409,2026-07-03
alexander-mcqueen|FW2020|055,pixtral-12b-2409,2026-07-03
alexander-mcqueen|FW2020|056,pixtral-12b-2409,2026-07-03
alexander-mcqueen|FW2020|057,pixtral-12b-2409,2026-07-03
alexander-mcqueen|FW2020|058,pixtral-12b-2409,2026-07-03
alexander-mcqueen|FW2020|059,pixtral-12b-2409,2026-07-03
alexander-mcqueen|FW2020|060,pixtral-12b-2409,2026-07-03
alexander-mcqueen|FW2021|001,pixtral-12b-2409,2026-07-03
alexander-mcqueen|FW2021|002,pixtral-12b-2409,2026-07-03
alexander-mcqueen|FW2021|003,pixtral-12b-2409,2026-07-03
alexander-mcqueen|FW2021|004,pixtral-12b-2409,2026-07-03
alexander-mcqueen|FW2021|005,pixtral-12b-2409,2026-07-03
alexander-mcqueen|FW2021|006,pixtral-12b-2409,2026-07-03
alexander-mcqueen|FW2021|007,pixtral-12b-2409,2026-07-03
alexander-mcqueen|FW2021|008,pixtral-12b-2409,2026-07-03
alexander-mcqueen|FW2021|009,pixtral-12b-2409,2026-07-03
alexander-mcqueen|FW2021|010,pixtral-12b-2409,2026-07-03
alexander-mcqueen|FW2021|011,pixtral-12b-2409,2026-07-03
alexander-mcqueen|FW2021|012,pixtral-12b-2409,2026-07-03
alexander-mcqueen|FW2021|013,pixtral-12b-2409,2026-07-03
alexander-mcqueen|FW2021|014,pixtral-12b-2409,2026-07-03
alexander-mcqueen|FW2021|015,pixtral-12b-2409,2026-07-03
alexander-mcqueen|FW2021|016,pixtral-12b-2409,2026-07-03
alexander-mcqueen|FW2021|017,pixtral-12b-2409,2026-07-03
alexander-mcqueen|FW2021|018,pixtral-12b-2409,2026-07-03
alexander-mcqueen|FW2021|019,pixtral-12b-2409,2026-07-03
alexander-mcqueen|FW2021|020,pixtral-12b-2409,2026-07-03
alexander-mcqueen|FW2021|021,pixtral-12b-2409,2026-07-03
alexander-mcqueen|FW2021|022,pixtral-12b-2409,2026-07-03
alexander-mcqueen|FW2021|023,pixtral-12b-2409,2026-07-03
alexander-mcqueen|FW2021|024,pixtral-12b-2409,2026-07-03
alexander-mcqueen|FW2021|025,pixtral-12b-2409,2026-07-03
alexander-mcqueen|FW2021|026,pixtral-12b-2409,2026-07-03
alexander-mcqueen|FW2021|027,pixtral-12b-2409,2026-07-03
alexander-mcqueen|FW2021|028,pixtral-12b-2409,2026-07-03
alexander-mcqueen|FW2021|029,pixtral-12b-2409,2026-07-03
alexander-mcqueen|FW2021|030,pixtral-12b-2409,2026-07-03
alexander-mcqueen|FW2021|031,pixtral-12b-2409,2026-07-03
alexander-mcqueen|FW2021|032,pixtral-12b-2409,2026-07-03
alexander-mcqueen|FW2021|033,pixtral-12b-2409,2026-07-03
alexander-mcqueen|FW2021|034,pixtral-12b-2409,2026-07-03
alexander-mcqueen|FW2021|035,pixtral-12b-2409,2026-07-03
alexander-mcqueen|FW2021|036,pixtral-12b-2409,2026-07-03
alexander-mcqueen|FW2021|037,pixtral-12b-2409,2026-07-03
alexander-mcqueen|FW2021|038,pixtral-12b-2409,2026-07-03
alexander-mcqueen|FW2021|039,pixtral-12b-2409,2026-07-03
alexander-mcqueen|FW2021|040,pixtral-12b-2409,2026-07-03
alexander-mcqueen|FW2021|041,pixtral-12b-2409,2026-07-03
alexander-mcqueen|FW2021|042,pixtral-12b-2409,2026-07-03
alexander-mcqueen|FW2021|043,pixtral-12b-2409,2026-07-03
alexander-mcqueen|FW2021|044,pixtral-12b-2409,2026-07-03
alexander-mcqueen|FW2021|045,pixtral-12b-2409,2026-07-03
alexander-mcqueen|FW2021|046,pixtral-12b-2409,2026-07-03
alexander-mcqueen|FW2021|047,pixtral-12b-2409,2026-07-03
alexander-mcqueen|FW2021|048,pixtral-12b-2409,2026-07-03
alexander-mcqueen|FW2021|049,pixtral-12b-2409,2026-07-03
alexander-mcqueen|FW2021|050,pixtral-12b-2409,2026-07-03
alexander-mcqueen|FW2021|051,pixtral-12b-2409,2026-07-03
alexander-mcqueen|FW2021|052,pixtral-12b-2409,2026-07-03
alexander-mcqueen|FW2021|053,pixtral-12b-2409,2026-07-03
alexander-mcqueen|FW2021|054,pixtral-12b-2409,2026-07-03
alexander-mcqueen|FW2021|055,pixtral-12b-2409,2026-07-03
alexander-mcqueen|FW2021|056,pixtral-12b-2409,2026-07-03
alexander-mcqueen|FW2021|057,pixtral-12b-2409,2026-07-03
alexander-mcqueen|FW2021|058,pixtral-12b-2409,2026-07-03
alexander-mcqueen|FW2021|059,pixtral-12b-2409,2026-07-03
alexander-mcqueen|FW2021|060,pixtral-12b-2409,2026-07-03
alexander-mcqueen|FW2022|001,pixtral-12b-2409,2026-07-03
alexander-mcqueen|FW2022|002,pixtral-12b-2409,2026-07-03
alexander-mcqueen|FW2022|003,pixtral-12b-2409,2026-07-03
alexander-mcqueen|FW2022|004,pixtral-12b-2409,2026-07-03
alexander-mcqueen|FW2022|005,pixtral-12b-2409,2026-07-03
alexander-mcqueen|FW2022|006,pixtral-12b-2409,2026-07-03
alexander-mcqueen|FW2022|007,pixtral-12b-2409,2026-07-03
alexander-mcqueen|FW2022|008,pixtral-12b-2409,2026-07-03
alexander-mcqueen|FW2022|009,pixtral-12b-2409,2026-07-03
alexander-mcqueen|FW2022|010,pixtral-12b-2409,2026-07-03
alexander-mcqueen|FW2022|011,pixtral-12b-2409,2026-07-03
alexander-mcqueen|FW2022|012,pixtral-12b-2409,2026-07-03
alexander-mcqueen|FW2022|013,pixtral-12b-2409,2026-07-03
alexander-mcqueen|FW2022|014,pixtral-12b-2409,2026-07-03
alexander-mcqueen|FW2022|015,pixtral-12b-2409,2026-07-03
alexander-mcqueen|FW2022|016,pixtral-12b-2409,2026-07-03
alexander-mcqueen|FW2022|017,pixtral-12b-2409,2026-07-03
alexander-mcqueen|FW2022|018,pixtral-12b-2409,2026-07-03
alexander-mcqueen|FW2022|019,pixtral-12b-2409,2026-07-03
alexander-mcqueen|FW2022|020,pixtral-12b-2409,2026-07-03
alexander-mcqueen|FW2022|021,pixtral-12b-2409,2026-07-03
alexander-mcqueen|FW2022|022,pixtral-12b-2409,2026-07-03
alexander-mcqueen|FW2022|023,pixtral-12b-2409,2026-07-03
alexander-mcqueen|FW2022|024,pixtral-12b-2409,2026-07-03
alexander-mcqueen|FW2022|025,pixtral-12b-2409,2026-07-03
alexander-mcqueen|FW2022|026,pixtral-12b-2409,2026-07-03
alexander-mcqueen|FW2022|027,pixtral-12b-2409,2026-07-03
alexander-mcqueen|FW2022|028,pixtral-12b-2409,2026-07-03
alexander-mcqueen|FW2022|029,pixtral-12b-2409,2026-07-03
alexander-mcqueen|FW2022|030,pixtral-12b-2409,2026-07-03
alexander-mcqueen|FW2022|031,pixtral-12b-2409,2026-07-03
alexander-mcqueen|FW2022|032,pixtral-12b-2409,2026-07-03
alexander-mcqueen|FW2022|033,pixtral-12b-2409,2026-07-03
alexander-mcqueen|FW2022|034,pixtral-12b-2409,2026-07-03
alexander-mcqueen|FW2022|035,pixtral-12b-2409,2026-07-03
alexander-mcqueen|FW2022|036,pixtral-12b-2409,2026-07-03
alexander-mcqueen|FW2022|037,pixtral-12b-2409,2026-07-03
alexander-mcqueen|FW2022|038,pixtral-12b-2409,2026-07-03
alexander-mcqueen|FW2022|039,pixtral-12b-2409,2026-07-03
alexander-mcqueen|FW2022|040,pixtral-12b-2409,2026-07-03
alexander-mcqueen|FW2022|041,pixtral-12b-2409,2026-07-03
alexander-mcqueen|FW2022|042,pixtral-12b-2409,2026-07-03
alexander-mcqueen|FW2022|043,pixtral-12b-2409,2026-07-03
alexander-mcqueen|FW2022|044,pixtral-12b-2409,2026-07-03
alexander-mcqueen|FW2022|045,pixtral-12b-2409,2026-07-03
alexander-mcqueen|FW2022|046,pixtral-12b-2409,2026-07-03
alexander-mcqueen|FW2022|047,pixtral-12b-2409,2026-07-03
alexander-mcqueen|FW2022|048,pixtral-12b-2409,2026-07-03
alexander-mcqueen|FW2022|049,pixtral-12b-2409,2026-07-03
alexander-mcqueen|FW2022|050,pixtral-12b-2409,2026-07-03
alexander-mcqueen|FW2022|051,pixtral-12b-2409,2026-07-03
alexander-mcqueen|FW2022|052,pixtral-12b-2409,2026-07-03
alexander-mcqueen|FW2022|053,pixtral-12b-2409,2026-07-03
alexander-mcqueen|FW2022|054,pixtral-12b-2409,2026-07-03
alexander-mcqueen|FW2022|055,pixtral-12b-2409,2026-07-03
alexander-mcqueen|FW2022|056,pixtral-12b-2409,2026-07-03
alexander-mcqueen|FW2022|057,pixtral-12b-2409,2026-07-03
alexander-mcqueen|FW2022|058,pixtral-12b-2409,2026-07-03
alexander-mcqueen|FW2022|059,pixtral-12b-2409,2026-07-03
alexander-mcqueen|FW2022|060,pixtral-12b-2409,2026-07-03
alexander-mcqueen|FW2023|001,pixtral-12b-2409,2026-07-03
alexander-mcqueen|FW2023|002,pixtral-12b-2409,2026-07-03
alexander-mcqueen|FW2023|003,pixtral-12b-2409,2026-07-03
alexander-mcqueen|FW2023|004,pixtral-12b-2409,2026-07-03
alexander-mcqueen|FW2023|005,pixtral-12b-2409,2026-07-03
alexander-mcqueen|FW2023|006,pixtral-12b-2409,2026-07-03
alexander-mcqueen|FW2023|007,pixtral-12b-2409,2026-07-03
alexander-mcqueen|FW2023|008,pixtral-12b-2409,2026-07-03
alexander-mcqueen|FW2023|009,pixtral-12b-2409,2026-07-03
alexander-mcqueen|FW2023|010,pixtral-12b-2409,2026-07-03
alexander-mcqueen|FW2023|011,pixtral-12b-2409,2026-07-03
alexander-mcqueen|FW2023|012,pixtral-12b-2409,2026-07-03
alexander-mcqueen|FW2023|013,pixtral-12b-2409,2026-07-03
alexander-mcqueen|FW2023|014,pixtral-12b-2409,2026-07-03
alexander-mcqueen|FW2023|015,pixtral-12b-2409,2026-07-03
alexander-mcqueen|FW2023|016,pixtral-12b-2409,2026-07-03
alexander-mcqueen|FW2023|017,pixtral-12b-2409,2026-07-03
alexander-mcqueen|FW2023|018,pixtral-12b-2409,2026-07-03
alexander-mcqueen|FW2023|019,pixtral-12b-2409,2026-07-03
alexander-mcqueen|FW2023|020,pixtral-12b-2409,2026-07-03
alexander-mcqueen|FW2023|021,pixtral-12b-2409,2026-07-03
alexander-mcqueen|FW2023|022,pixtral-12b-2409,2026-07-03
alexander-mcqueen|FW2023|023,pixtral-12b-2409,2026-07-03
alexander-mcqueen|FW2023|024,pixtral-12b-2409,2026-07-03
alexander-mcqueen|FW2023|025,pixtral-12b-2409,2026-07-03
alexander-mcqueen|FW2023|026,pixtral-12b-2409,2026-07-03
alexander-mcqueen|FW2023|027,pixtral-12b-2409,2026-07-03
alexander-mcqueen|FW2023|028,pixtral-12b-2409,2026-07-03
alexander-mcqueen|FW2023|029,pixtral-12b-2409,2026-07-03
alexander-mcqueen|FW2023|030,pixtral-12b-2409,2026-07-03
alexander-mcqueen|FW2023|031,pixtral-12b-2409,2026-07-03
alexander-mcqueen|FW2023|032,pixtral-12b-2409,2026-07-03
alexander-mcqueen|FW2023|033,pixtral-12b-2409,2026-07-03
alexander-mcqueen|FW2023|034,pixtral-12b-2409,2026-07-03
alexander-mcqueen|FW2023|035,pixtral-12b-2409,2026-07-03
alexander-mcqueen|FW2023|036,pixtral-12b-2409,2026-07-03
alexander-mcqueen|FW2023|037,pixtral-12b-2409,2026-07-03
alexander-mcqueen|FW2023|038,pixtral-12b-2409,2026-07-03
alexander-mcqueen|FW2023|039,pixtral-12b-2409,2026-07-03
alexander-mcqueen|FW2023|040,pixtral-12b-2409,2026-07-03
alexander-mcqueen|FW2023|041,pixtral-12b-2409,2026-07-03
alexander-mcqueen|FW2023|042,pixtral-12b-2409,2026-07-03
alexander-mcqueen|FW2023|043,pixtral-12b-2409,2026-07-03
alexander-mcqueen|FW2023|044,pixtral-12b-2409,2026-07-03
alexander-mcqueen|FW2023|045,pixtral-12b-2409,2026-07-03
alexander-mcqueen|FW2023|046,pixtral-12b-2409,2026-07-03
alexander-mcqueen|FW2023|047,pixtral-12b-2409,2026-07-03
alexander-mcqueen|FW2023|048,pixtral-12b-2409,2026-07-03
alexander-mcqueen|FW2023|049,pixtral-12b-2409,2026-07-03
alexander-mcqueen|FW2023|050,pixtral-12b-2409,2026-07-03
alexander-mcqueen|FW2023|051,pixtral-12b-2409,2026-07-03
alexander-mcqueen|FW2023|052,pixtral-12b-2409,2026-07-03
alexander-mcqueen|FW2023|053,pixtral-12b-2409,2026-07-03
alexander-mcqueen|FW2023|054,pixtral-12b-2409,2026-07-03
alexander-mcqueen|FW2023|055,pixtral-12b-2409,2026-07-03
alexander-mcqueen|FW2023|056,pixtral-12b-2409,2026-07-03
alexander-mcqueen|FW2023|057,pixtral-12b-2409,2026-07-03
alexander-mcqueen|FW2023|058,pixtral-12b-2409,2026-07-03
alexander-mcqueen|FW2023|059,pixtral-12b-2409,2026-07-03
alexander-mcqueen|FW2023|060,pixtral-12b-2409,2026-07-03
alexander-mcqueen|FW2024|001,pixtral-12b-2409,2026-07-03
alexander-mcqueen|FW2024|002,pixtral-12b-2409,2026-07-03
alexander-mcqueen|FW2024|003,pixtral-12b-2409,2026-07-03
alexander-mcqueen|FW2024|004,pixtral-12b-2409,2026-07-03
alexander-mcqueen|FW2024|005,pixtral-12b-2409,2026-07-03
alexander-mcqueen|FW2024|006,pixtral-12b-2409,2026-07-03
alexander-mcqueen|FW2024|007,pixtral-12b-2409,2026-07-03
alexander-mcqueen|FW2024|008,pixtral-12b-2409,2026-07-03
alexander-mcqueen|FW2024|009,pixtral-12b-2409,2026-07-03
alexander-mcqueen|FW2024|010,pixtral-12b-2409,2026-07-03
alexander-mcqueen|FW2024|011,pixtral-12b-2409,2026-07-03
alexander-mcqueen|FW2024|012,pixtral-12b-2409,2026-07-03
alexander-mcqueen|FW2024|013,pixtral-12b-2409,2026-07-03
alexander-mcqueen|FW2024|014,pixtral-12b-2409,2026-07-03
alexander-mcqueen|FW2024|015,pixtral-12b-2409,2026-07-03
alexander-mcqueen|FW2024|016,pixtral-12b-2409,2026-07-03
alexander-mcqueen|FW2024|017,pixtral-12b-2409,2026-07-03
alexander-mcqueen|FW2024|018,pixtral-12b-2409,2026-07-03
alexander-mcqueen|FW2024|019,pixtral-12b-2409,2026-07-03
alexander-mcqueen|FW2024|020,pixtral-12b-2409,2026-07-03
alexander-mcqueen|FW2024|021,pixtral-12b-2409,2026-07-03
alexander-mcqueen|FW2024|022,pixtral-12b-2409,2026-07-03
alexander-mcqueen|FW2024|023,pixtral-12b-2409,2026-07-03
alexander-mcqueen|FW2024|024,pixtral-12b-2409,2026-07-03
alexander-mcqueen|FW2024|025,pixtral-12b-2409,2026-07-03
alexander-mcqueen|FW2024|026,pixtral-12b-2409,2026-07-03
alexander-mcqueen|FW2024|027,pixtral-12b-2409,2026-07-03
alexander-mcqueen|FW2024|028,pixtral-12b-2409,2026-07-03
alexander-mcqueen|FW2024|029,pixtral-12b-2409,2026-07-03
alexander-mcqueen|FW2024|030,pixtral-12b-2409,2026-07-03
alexander-mcqueen|FW2024|031,pixtral-12b-2409,2026-07-03
alexander-mcqueen|FW2024|032,pixtral-12b-2409,2026-07-03
alexander-mcqueen|FW2024|033,pixtral-12b-2409,2026-07-03
alexander-mcqueen|FW2024|034,pixtral-12b-2409,2026-07-03
alexander-mcqueen|FW2024|035,pixtral-12b-2409,2026-07-03
alexander-mcqueen|FW2024|036,pixtral-12b-2409,2026-07-03
alexander-mcqueen|FW2024|037,pixtral-12b-2409,2026-07-03
alexander-mcqueen|FW2024|038,pixtral-12b-2409,2026-07-03
alexander-mcqueen|FW2024|039,pixtral-12b-2409,2026-07-03
alexander-mcqueen|FW2024|040,pixtral-12b-2409,2026-07-03
alexander-mcqueen|FW2024|041,pixtral-12b-2409,2026-07-03
alexander-mcqueen|FW2024|042,pixtral-12b-2409,2026-07-03
alexander-mcqueen|FW2024|043,pixtral-12b-2409,2026-07-03
alexander-mcqueen|FW2024|044,pixtral-12b-2409,2026-07-03
alexander-mcqueen|FW2024|045,pixtral-12b-2409,2026-07-03
alexander-mcqueen|FW2024|046,pixtral-12b-2409,2026-07-03
alexander-mcqueen|FW2024|047,pixtral-12b-2409,2026-07-03
alexander-mcqueen|FW2024|048,pixtral-12b-2409,2026-07-03
alexander-mcqueen|FW2024|049,pixtral-12b-2409,2026-07-03
alexander-mcqueen|FW2024|050,pixtral-12b-2409,2026-07-03
alexander-mcqueen|FW2024|051,pixtral-12b-2409,2026-07-03
alexander-mcqueen|FW2024|052,pixtral-12b-2409,2026-07-03
alexander-mcqueen|FW2024|053,pixtral-12b-2409,2026-07-03
alexander-mcqueen|FW2024|054,pixtral-12b-2409,2026-07-03
alexander-mcqueen|FW2024|055,pixtral-12b-2409,2026-07-03
alexander-mcqueen|FW2024|056,pixtral-12b-2409,2026-07-03
alexander-mcqueen|FW2024|057,pixtral-12b-2409,2026-07-03
alexander-mcqueen|FW2024|058,pixtral-12b-2409,2026-07-03
alexander-mcqueen|FW2024|059,pixtral-12b-2409,2026-07-03
alexander-mcqueen|FW2024|060,pixtral-12b-2409,2026-07-03
alexander-mcqueen|FW2025|001,pixtral-12b-2409,2026-07-03
alexander-mcqueen|FW2025|002,pixtral-12b-2409,2026-07-03
alexander-mcqueen|FW2025|003,pixtral-12b-2409,2026-07-03
alexander-mcqueen|FW2025|004,pixtral-12b-2409,2026-07-03
alexander-mcqueen|FW2025|005,pixtral-12b-2409,2026-07-03
alexander-mcqueen|FW2025|006,pixtral-12b-2409,2026-07-03
alexander-mcqueen|FW2025|007,pixtral-12b-2409,2026-07-03
alexander-mcqueen|FW2025|008,pixtral-12b-2409,2026-07-03
alexander-mcqueen|FW2025|009,pixtral-12b-2409,2026-07-03
alexander-mcqueen|FW2025|010,pixtral-12b-2409,2026-07-03
alexander-mcqueen|FW2025|011,pixtral-12b-2409,2026-07-03
alexander-mcqueen|FW2025|012,pixtral-12b-2409,2026-07-03
alexander-mcqueen|FW2025|013,pixtral-12b-2409,2026-07-03
alexander-mcqueen|FW2025|014,pixtral-12b-2409,2026-07-03
alexander-mcqueen|FW2025|015,pixtral-12b-2409,2026-07-03
alexander-mcqueen|FW2025|016,pixtral-12b-2409,2026-07-03
alexander-mcqueen|FW2025|017,pixtral-12b-2409,2026-07-03
alexander-mcqueen|FW2025|018,pixtral-12b-2409,2026-07-03
alexander-mcqueen|FW2025|019,pixtral-12b-2409,2026-07-03
alexander-mcqueen|FW2025|020,pixtral-12b-2409,2026-07-03
alexander-mcqueen|FW2025|021,pixtral-12b-2409,2026-07-03
alexander-mcqueen|FW2025|022,pixtral-12b-2409,2026-07-03
alexander-mcqueen|FW2025|023,pixtral-12b-2409,2026-07-03
alexander-mcqueen|FW2025|024,pixtral-12b-2409,2026-07-03
alexander-mcqueen|FW2025|025,pixtral-12b-2409,2026-07-03
alexander-mcqueen|FW2025|026,pixtral-12b-2409,2026-07-03
alexander-mcqueen|FW2025|027,pixtral-12b-2409,2026-07-03
alexander-mcqueen|FW2025|028,pixtral-12b-2409,2026-07-03
alexander-mcqueen|FW2025|029,pixtral-12b-2409,2026-07-03
alexander-mcqueen|FW2025|030,pixtral-12b-2409,2026-07-03
alexander-mcqueen|FW2025|031,pixtral-12b-2409,2026-07-03
alexander-mcqueen|FW2025|032,pixtral-12b-2409,2026-07-03
alexander-mcqueen|FW2025|033,pixtral-12b-2409,2026-07-03
alexander-mcqueen|FW2025|034,pixtral-12b-2409,2026-07-03
alexander-mcqueen|FW2025|035,pixtral-12b-2409,2026-07-03
alexander-mcqueen|FW2025|036,pixtral-12b-2409,2026-07-03
alexander-mcqueen|FW2025|037,pixtral-12b-2409,2026-07-03
alexander-mcqueen|FW2025|038,pixtral-12b-2409,2026-07-03
alexander-mcqueen|FW2025|039,pixtral-12b-2409,2026-07-03
alexander-mcqueen|FW2025|040,pixtral-12b-2409,2026-07-03
alexander-mcqueen|FW2025|041,pixtral-12b-2409,2026-07-03
alexander-mcqueen|FW2025|042,pixtral-12b-2409,2026-07-03
alexander-mcqueen|FW2025|043,pixtral-12b-2409,2026-07-03
alexander-mcqueen|FW2025|044,pixtral-12b-2409,2026-07-03
alexander-mcqueen|FW2025|045,pixtral-12b-2409,2026-07-03
alexander-mcqueen|FW2025|046,pixtral-12b-2409,2026-07-03
alexander-mcqueen|FW2025|047,pixtral-12b-2409,2026-07-03
alexander-mcqueen|FW2025|048,pixtral-12b-2409,2026-07-03
alexander-mcqueen|FW2025|049,pixtral-12b-2409,2026-07-03
alexander-mcqueen|FW2025|050,pixtral-12b-2409,2026-07-03
alexander-mcqueen|FW2025|051,pixtral-12b-2409,2026-07-03
alexander-mcqueen|FW2025|052,pixtral-12b-2409,2026-07-03
alexander-mcqueen|FW2025|053,pixtral-12b-2409,2026-07-03
alexander-mcqueen|FW2025|054,pixtral-12b-2409,2026-07-03
alexander-mcqueen|FW2025|055,pixtral-12b-2409,2026-07-03
alexander-mcqueen|FW2025|056,pixtral-12b-2409,2026-07-03
alexander-mcqueen|FW2025|057,pixtral-12b-2409,2026-07-03
alexander-mcqueen|FW2025|058,pixtral-12b-2409,2026-07-03
alexander-mcqueen|FW2025|059,pixtral-12b-2409,2026-07-03
alexander-mcqueen|FW2025|060,pixtral-12b-2409,2026-07-03
alexander-mcqueen|FW2026|001,pixtral-12b-2409,2026-07-03
alexander-mcqueen|FW2026|002,pixtral-12b-2409,2026-07-03
alexander-mcqueen|FW2026|003,pixtral-12b-2409,2026-07-03
alexander-mcqueen|FW2026|004,pixtral-12b-2409,2026-07-03
alexander-mcqueen|FW2026|005,pixtral-12b-2409,2026-07-03
alexander-mcqueen|FW2026|006,pixtral-12b-2409,2026-07-03
alexander-mcqueen|FW2026|007,pixtral-12b-2409,2026-07-03
alexander-mcqueen|FW2026|008,pixtral-12b-2409,2026-07-03
alexander-mcqueen|FW2026|009,pixtral-12b-2409,2026-07-03
alexander-mcqueen|FW2026|010,pixtral-12b-2409,2026-07-03
alexander-mcqueen|FW2026|011,pixtral-12b-2409,2026-07-03
alexander-mcqueen|FW2026|012,pixtral-12b-2409,2026-07-03
alexander-mcqueen|FW2026|013,pixtral-12b-2409,2026-07-03
alexander-mcqueen|FW2026|014,pixtral-12b-2409,2026-07-03
alexander-mcqueen|FW2026|015,pixtral-12b-2409,2026-07-03
alexander-mcqueen|FW2026|016,pixtral-12b-2409,2026-07-03
alexander-mcqueen|FW2026|017,pixtral-12b-2409,2026-07-03
alexander-mcqueen|FW2026|018,pixtral-12b-2409,2026-07-03
alexander-mcqueen|FW2026|019,pixtral-12b-2409,2026-07-03
alexander-mcqueen|FW2026|020,pixtral-12b-2409,2026-07-03
alexander-mcqueen|FW2026|021,pixtral-12b-2409,2026-07-03
alexander-mcqueen|FW2026|022,pixtral-12b-2409,2026-07-03
alexander-mcqueen|FW2026|023,pixtral-12b-2409,2026-07-03
alexander-mcqueen|FW2026|024,pixtral-12b-2409,2026-07-03
alexander-mcqueen|FW2026|025,pixtral-12b-2409,2026-07-03
alexander-mcqueen|FW2026|026,pixtral-12b-2409,2026-07-03
alexander-mcqueen|FW2026|027,pixtral-12b-2409,2026-07-03
alexander-mcqueen|FW2026|028,pixtral-12b-2409,2026-07-03
alexander-mcqueen|FW2026|029,pixtral-12b-2409,2026-07-03
alexander-mcqueen|FW2026|030,pixtral-12b-2409,2026-07-03
alexander-mcqueen|FW2026|031,pixtral-12b-2409,2026-07-03
alexander-mcqueen|FW2026|032,pixtral-12b-2409,2026-07-03
alexander-mcqueen|FW2026|033,pixtral-12b-2409,2026-07-03
alexander-mcqueen|FW2026|034,pixtral-12b-2409,2026-07-03
alexander-mcqueen|FW2026|035,pixtral-12b-2409,2026-07-03
alexander-mcqueen|FW2026|036,pixtral-12b-2409,2026-07-03
alexander-mcqueen|FW2026|037,pixtral-12b-2409,2026-07-03
alexander-mcqueen|FW2026|038,pixtral-12b-2409,2026-07-03
alexander-mcqueen|FW2026|039,pixtral-12b-2409,2026-07-03
alexander-mcqueen|FW2026|040,pixtral-12b-2409,2026-07-03
alexander-mcqueen|FW2026|041,pixtral-12b-2409,2026-07-03
alexander-mcqueen|FW2026|042,pixtral-12b-2409,2026-07-03
alexander-mcqueen|FW2026|043,pixtral-12b-2409,2026-07-03
alexander-mcqueen|FW2026|044,pixtral-12b-2409,2026-07-03
alexander-mcqueen|FW2026|045,pixtral-12b-2409,2026-07-03
alexander-mcqueen|FW2026|046,pixtral-12b-2409,2026-07-03
alexander-mcqueen|FW2026|047,pixtral-12b-2409,2026-07-03
alexander-mcqueen|FW2026|048,pixtral-12b-2409,2026-07-03
alexander-mcqueen|FW2026|049,pixtral-12b-2409,2026-07-03
alexander-mcqueen|FW2026|050,pixtral-12b-2409,2026-07-03
alexander-mcqueen|FW2026|051,pixtral-12b-2409,2026-07-03
alexander-mcqueen|FW2026|052,pixtral-12b-2409,2026-07-03
alexander-mcqueen|FW2026|053,pixtral-12b-2409,2026-07-03
alexander-mcqueen|FW2026|054,pixtral-12b-2409,2026-07-03
alexander-mcqueen|FW2026|055,pixtral-12b-2409,2026-07-03
alexander-mcqueen|FW2026|056,pixtral-12b-2409,2026-07-03
alexander-mcqueen|FW2026|057,pixtral-12b-2409,2026-07-03
alexander-mcqueen|FW2026|058,pixtral-12b-2409,2026-07-03
alexander-mcqueen|FW2026|059,pixtral-12b-2409,2026-07-03
alexander-mcqueen|FW2026|060,pixtral-12b-2409,2026-07-03
alexander-mcqueen|SS2016|001,pixtral-12b-2409,2026-07-03
alexander-mcqueen|SS2016|002,pixtral-12b-2409,2026-07-03
alexander-mcqueen|SS2016|003,pixtral-12b-2409,2026-07-03
alexander-mcqueen|SS2016|004,pixtral-12b-2409,2026-07-03
alexander-mcqueen|SS2016|005,pixtral-12b-2409,2026-07-03
alexander-mcqueen|SS2016|006,pixtral-12b-2409,2026-07-03
alexander-mcqueen|SS2016|007,pixtral-12b-2409,2026-07-03
alexander-mcqueen|SS2016|008,pixtral-12b-2409,2026-07-03
alexander-mcqueen|SS2016|009,pixtral-12b-2409,2026-07-03
alexander-mcqueen|SS2016|010,pixtral-12b-2409,2026-07-03
alexander-mcqueen|SS2016|011,pixtral-12b-2409,2026-07-03
alexander-mcqueen|SS2016|012,pixtral-12b-2409,2026-07-03
alexander-mcqueen|SS2016|013,pixtral-12b-2409,2026-07-03
alexander-mcqueen|SS2016|014,pixtral-12b-2409,2026-07-03
alexander-mcqueen|SS2016|015,pixtral-12b-2409,2026-07-03
alexander-mcqueen|SS2016|016,pixtral-12b-2409,2026-07-03
alexander-mcqueen|SS2016|017,pixtral-12b-2409,2026-07-03
alexander-mcqueen|SS2016|018,pixtral-12b-2409,2026-07-03
alexander-mcqueen|SS2016|019,pixtral-12b-2409,2026-07-03
alexander-mcqueen|SS2016|020,pixtral-12b-2409,2026-07-03
alexander-mcqueen|SS2016|021,pixtral-12b-2409,2026-07-03
alexander-mcqueen|SS2016|022,pixtral-12b-2409,2026-07-03
alexander-mcqueen|SS2016|023,pixtral-12b-2409,2026-07-03
alexander-mcqueen|SS2016|024,pixtral-12b-2409,2026-07-03
alexander-mcqueen|SS2016|025,pixtral-12b-2409,2026-07-03
alexander-mcqueen|SS2016|026,pixtral-12b-2409,2026-07-03
alexander-mcqueen|SS2016|027,pixtral-12b-2409,2026-07-03
alexander-mcqueen|SS2016|028,pixtral-12b-2409,2026-07-03
alexander-mcqueen|SS2016|029,pixtral-12b-2409,2026-07-03
alexander-mcqueen|SS2016|030,pixtral-12b-2409,2026-07-03
alexander-mcqueen|SS2016|031,pixtral-12b-2409,2026-07-03
alexander-mcqueen|SS2016|032,pixtral-12b-2409,2026-07-03
alexander-mcqueen|SS2016|033,pixtral-12b-2409,2026-07-03
alexander-mcqueen|SS2016|034,pixtral-12b-2409,2026-07-03
alexander-mcqueen|SS2016|035,pixtral-12b-2409,2026-07-03
alexander-mcqueen|SS2016|036,pixtral-12b-2409,2026-07-03
alexander-mcqueen|SS2016|037,pixtral-12b-2409,2026-07-03
alexander-mcqueen|SS2016|038,pixtral-12b-2409,2026-07-03
alexander-mcqueen|SS2016|039,pixtral-12b-2409,2026-07-03
alexander-mcqueen|SS2016|040,pixtral-12b-2409,2026-07-03
alexander-mcqueen|SS2016|041,pixtral-12b-2409,2026-07-03
alexander-mcqueen|SS2016|042,pixtral-12b-2409,2026-07-03
alexander-mcqueen|SS2016|043,pixtral-12b-2409,2026-07-03
alexander-mcqueen|SS2016|044,pixtral-12b-2409,2026-07-03
alexander-mcqueen|SS2016|045,pixtral-12b-2409,2026-07-03
alexander-mcqueen|SS2016|046,pixtral-12b-2409,2026-07-03
alexander-mcqueen|SS2016|047,pixtral-12b-2409,2026-07-03
alexander-mcqueen|SS2016|048,pixtral-12b-2409,2026-07-03
alexander-mcqueen|SS2016|049,pixtral-12b-2409,2026-07-03
alexander-mcqueen|SS2016|050,pixtral-12b-2409,2026-07-03
alexander-mcqueen|SS2016|051,pixtral-12b-2409,2026-07-03
alexander-mcqueen|SS2016|052,pixtral-12b-2409,2026-07-03
alexander-mcqueen|SS2016|053,pixtral-12b-2409,2026-07-03
alexander-mcqueen|SS2016|054,pixtral-12b-2409,2026-07-03
alexander-mcqueen|SS2016|055,pixtral-12b-2409,2026-07-03
alexander-mcqueen|SS2016|056,pixtral-12b-2409,2026-07-03
alexander-mcqueen|SS2016|057,pixtral-12b-2409,2026-07-03
alexander-mcqueen|SS2016|058,pixtral-12b-2409,2026-07-03
alexander-mcqueen|SS2016|059,pixtral-12b-2409,2026-07-03
alexander-mcqueen|SS2016|060,pixtral-12b-2409,2026-07-03
alexander-mcqueen|SS2017|001,pixtral-12b-2409,2026-07-03
alexander-mcqueen|SS2017|002,pixtral-12b-2409,2026-07-03
alexander-mcqueen|SS2017|003,pixtral-12b-2409,2026-07-03
alexander-mcqueen|SS2017|004,pixtral-12b-2409,2026-07-03
alexander-mcqueen|SS2017|005,pixtral-12b-2409,2026-07-03
alexander-mcqueen|SS2017|006,pixtral-12b-2409,2026-07-03
alexander-mcqueen|SS2017|007,pixtral-12b-2409,2026-07-03
alexander-mcqueen|SS2017|008,pixtral-12b-2409,2026-07-03
alexander-mcqueen|SS2017|009,pixtral-12b-2409,2026-07-03
alexander-mcqueen|SS2017|010,pixtral-12b-2409,2026-07-03
alexander-mcqueen|SS2017|011,pixtral-12b-2409,2026-07-03
alexander-mcqueen|SS2017|012,pixtral-12b-2409,2026-07-03
alexander-mcqueen|SS2017|013,pixtral-12b-2409,2026-07-03
alexander-mcqueen|SS2017|014,pixtral-12b-2409,2026-07-03
alexander-mcqueen|SS2017|015,pixtral-12b-2409,2026-07-03
alexander-mcqueen|SS2017|016,pixtral-12b-2409,2026-07-03
alexander-mcqueen|SS2017|017,pixtral-12b-2409,2026-07-03
alexander-mcqueen|SS2017|018,pixtral-12b-2409,2026-07-03
alexander-mcqueen|SS2017|019,pixtral-12b-2409,2026-07-03
alexander-mcqueen|SS2017|020,pixtral-12b-2409,2026-07-03
alexander-mcqueen|SS2017|021,pixtral-12b-2409,2026-07-03
alexander-mcqueen|SS2017|022,pixtral-12b-2409,2026-07-03
alexander-mcqueen|SS2017|023,pixtral-12b-2409,2026-07-03
alexander-mcqueen|SS2017|024,pixtral-12b-2409,2026-07-03
alexander-mcqueen|SS2017|025,pixtral-12b-2409,2026-07-03
alexander-mcqueen|SS2017|026,pixtral-12b-2409,2026-07-03
alexander-mcqueen|SS2017|027,pixtral-12b-2409,2026-07-03
alexander-mcqueen|SS2017|028,pixtral-12b-2409,2026-07-03
alexander-mcqueen|SS2017|029,pixtral-12b-2409,2026-07-03
alexander-mcqueen|SS2017|030,pixtral-12b-2409,2026-07-03
alexander-mcqueen|SS2017|031,pixtral-12b-2409,2026-07-03
alexander-mcqueen|SS2017|032,pixtral-12b-2409,2026-07-03
alexander-mcqueen|SS2017|033,pixtral-12b-2409,2026-07-03
alexander-mcqueen|SS2017|034,pixtral-12b-2409,2026-07-03
alexander-mcqueen|SS2017|035,pixtral-12b-2409,2026-07-03
alexander-mcqueen|SS2017|036,pixtral-12b-2409,2026-07-03
alexander-mcqueen|SS2017|037,pixtral-12b-2409,2026-07-03
alexander-mcqueen|SS2017|038,pixtral-12b-2409,2026-07-03
alexander-mcqueen|SS2017|039,pixtral-12b-2409,2026-07-03
alexander-mcqueen|SS2017|040,pixtral-12b-2409,2026-07-03
alexander-mcqueen|SS2017|041,pixtral-12b-2409,2026-07-03
alexander-mcqueen|SS2017|042,pixtral-12b-2409,2026-07-03
alexander-mcqueen|SS2017|043,pixtral-12b-2409,2026-07-03
alexander-mcqueen|SS2017|044,pixtral-12b-2409,2026-07-03
alexander-mcqueen|SS2017|045,pixtral-12b-2409,2026-07-03
alexander-mcqueen|SS2017|046,pixtral-12b-2409,2026-07-03
alexander-mcqueen|SS2017|047,pixtral-12b-2409,2026-07-03
alexander-mcqueen|SS2017|048,pixtral-12b-2409,2026-07-03
alexander-mcqueen|SS2017|049,pixtral-12b-2409,2026-07-03
alexander-mcqueen|SS2017|050,pixtral-12b-2409,2026-07-03
alexander-mcqueen|SS2017|051,pixtral-12b-2409,2026-07-03
alexander-mcqueen|SS2017|052,pixtral-12b-2409,2026-07-03
alexander-mcqueen|SS2017|053,pixtral-12b-2409,2026-07-03
alexander-mcqueen|SS2017|054,pixtral-12b-2409,2026-07-03
alexander-mcqueen|SS2017|055,pixtral-12b-2409,2026-07-03
alexander-mcqueen|SS2017|056,pixtral-12b-2409,2026-07-03
alexander-mcqueen|SS2017|057,pixtral-12b-2409,2026-07-03
alexander-mcqueen|SS2017|058,pixtral-12b-2409,2026-07-03
alexander-mcqueen|SS2017|059,pixtral-12b-2409,2026-07-03
alexander-mcqueen|SS2017|060,pixtral-12b-2409,2026-07-03
alexander-mcqueen|SS2018|001,pixtral-12b-2409,2026-07-03
alexander-mcqueen|SS2018|002,pixtral-12b-2409,2026-07-03
alexander-mcqueen|SS2018|003,pixtral-12b-2409,2026-07-03
alexander-mcqueen|SS2018|004,pixtral-12b-2409,2026-07-03
alexander-mcqueen|SS2018|005,pixtral-12b-2409,2026-07-03
alexander-mcqueen|SS2018|006,pixtral-12b-2409,2026-07-03
alexander-mcqueen|SS2018|007,pixtral-12b-2409,2026-07-03
alexander-mcqueen|SS2018|008,pixtral-12b-2409,2026-07-03
alexander-mcqueen|SS2018|009,pixtral-12b-2409,2026-07-03
alexander-mcqueen|SS2018|010,pixtral-12b-2409,2026-07-03
alexander-mcqueen|SS2018|011,pixtral-12b-2409,2026-07-03
alexander-mcqueen|SS2018|012,pixtral-12b-2409,2026-07-03
alexander-mcqueen|SS2018|013,pixtral-12b-2409,2026-07-03
alexander-mcqueen|SS2018|014,pixtral-12b-2409,2026-07-03
alexander-mcqueen|SS2018|015,pixtral-12b-2409,2026-07-03
alexander-mcqueen|SS2018|016,pixtral-12b-2409,2026-07-03
alexander-mcqueen|SS2018|017,pixtral-12b-2409,2026-07-03
alexander-mcqueen|SS2018|018,pixtral-12b-2409,2026-07-03
alexander-mcqueen|SS2018|019,pixtral-12b-2409,2026-07-03
alexander-mcqueen|SS2018|020,pixtral-12b-2409,2026-07-03
alexander-mcqueen|SS2018|021,pixtral-12b-2409,2026-07-03
alexander-mcqueen|SS2018|022,pixtral-12b-2409,2026-07-03
alexander-mcqueen|SS2018|023,pixtral-12b-2409,2026-07-03
alexander-mcqueen|SS2018|024,pixtral-12b-2409,2026-07-03
alexander-mcqueen|SS2018|025,pixtral-12b-2409,2026-07-03
alexander-mcqueen|SS2018|026,pixtral-12b-2409,2026-07-03
alexander-mcqueen|SS2018|027,pixtral-12b-2409,2026-07-03
alexander-mcqueen|SS2018|028,pixtral-12b-2409,2026-07-03
alexander-mcqueen|SS2018|029,pixtral-12b-2409,2026-07-03
alexander-mcqueen|SS2018|030,pixtral-12b-2409,2026-07-03
alexander-mcqueen|SS2018|031,pixtral-12b-2409,2026-07-03
alexander-mcqueen|SS2018|032,pixtral-12b-2409,2026-07-03
alexander-mcqueen|SS2018|033,pixtral-12b-2409,2026-07-03
alexander-mcqueen|SS2018|034,pixtral-12b-2409,2026-07-03
alexander-mcqueen|SS2018|035,pixtral-12b-2409,2026-07-03
alexander-mcqueen|SS2018|036,pixtral-12b-2409,2026-07-03
alexander-mcqueen|SS2018|037,pixtral-12b-2409,2026-07-03
alexander-mcqueen|SS2018|038,pixtral-12b-2409,2026-07-03
alexander-mcqueen|SS2018|039,pixtral-12b-2409,2026-07-03
alexander-mcqueen|SS2018|040,pixtral-12b-2409,2026-07-03
alexander-mcqueen|SS2018|041,pixtral-12b-2409,2026-07-03
alexander-mcqueen|SS2018|042,pixtral-12b-2409,2026-07-03
alexander-mcqueen|SS2018|043,pixtral-12b-2409,2026-07-03
alexander-mcqueen|SS2018|044,pixtral-12b-2409,2026-07-03
alexander-mcqueen|SS2018|045,pixtral-12b-2409,2026-07-03
alexander-mcqueen|SS2018|046,pixtral-12b-2409,2026-07-03
alexander-mcqueen|SS2018|047,pixtral-12b-2409,2026-07-03
alexander-mcqueen|SS2018|048,pixtral-12b-2409,2026-07-03
alexander-mcqueen|SS2018|049,pixtral-12b-2409,2026-07-03
alexander-mcqueen|SS2018|050,pixtral-12b-2409,2026-07-03
alexander-mcqueen|SS2018|051,pixtral-12b-2409,2026-07-03
alexander-mcqueen|SS2018|052,pixtral-12b-2409,2026-07-03
alexander-mcqueen|SS2018|053,pixtral-12b-2409,2026-07-03
alexander-mcqueen|SS2018|054,pixtral-12b-2409,2026-07-03
alexander-mcqueen|SS2018|055,pixtral-12b-2409,2026-07-03
alexander-mcqueen|SS2018|056,pixtral-12b-2409,2026-07-03
alexander-mcqueen|SS2018|057,pixtral-12b-2409,2026-07-03
alexander-mcqueen|SS2018|058,pixtral-12b-2409,2026-07-03
alexander-mcqueen|SS2018|059,pixtral-12b-2409,2026-07-03
alexander-mcqueen|SS2018|060,pixtral-12b-2409,2026-07-03
alexander-mcqueen|SS2019|001,pixtral-12b-2409,2026-07-03
alexander-mcqueen|SS2019|002,pixtral-12b-2409,2026-07-03
alexander-mcqueen|SS2019|003,pixtral-12b-2409,2026-07-03
alexander-mcqueen|SS2019|004,pixtral-12b-2409,2026-07-03
alexander-mcqueen|SS2019|005,pixtral-12b-2409,2026-07-03
alexander-mcqueen|SS2019|006,pixtral-12b-2409,2026-07-03
alexander-mcqueen|SS2019|007,pixtral-12b-2409,2026-07-03
alexander-mcqueen|SS2019|008,pixtral-12b-2409,2026-07-03
alexander-mcqueen|SS2019|009,pixtral-12b-2409,2026-07-03
alexander-mcqueen|SS2019|010,pixtral-12b-2409,2026-07-03
alexander-mcqueen|SS2019|011,pixtral-12b-2409,2026-07-03
alexander-mcqueen|SS2019|012,pixtral-12b-2409,2026-07-03
alexander-mcqueen|SS2019|013,pixtral-12b-2409,2026-07-03
alexander-mcqueen|SS2019|014,pixtral-12b-2409,2026-07-03
alexander-mcqueen|SS2019|015,pixtral-12b-2409,2026-07-03
alexander-mcqueen|SS2019|016,pixtral-12b-2409,2026-07-03
alexander-mcqueen|SS2019|017,pixtral-12b-2409,2026-07-03
alexander-mcqueen|SS2019|018,pixtral-12b-2409,2026-07-03
alexander-mcqueen|SS2019|019,pixtral-12b-2409,2026-07-03
alexander-mcqueen|SS2019|020,pixtral-12b-2409,2026-07-03
alexander-mcqueen|SS2019|021,pixtral-12b-2409,2026-07-03
alexander-mcqueen|SS2019|022,pixtral-12b-2409,2026-07-03
alexander-mcqueen|SS2019|023,pixtral-12b-2409,2026-07-03
alexander-mcqueen|SS2019|024,pixtral-12b-2409,2026-07-03
alexander-mcqueen|SS2019|025,pixtral-12b-2409,2026-07-03
alexander-mcqueen|SS2019|026,pixtral-12b-2409,2026-07-03
alexander-mcqueen|SS2019|027,pixtral-12b-2409,2026-07-03
alexander-mcqueen|SS2019|028,pixtral-12b-2409,2026-07-03
alexander-mcqueen|SS2019|029,pixtral-12b-2409,2026-07-03
alexander-mcqueen|SS2019|030,pixtral-12b-2409,2026-07-03
alexander-mcqueen|SS2019|031,pixtral-12b-2409,2026-07-03
alexander-mcqueen|SS2019|032,pixtral-12b-2409,2026-07-03
alexander-mcqueen|SS2019|033,pixtral-12b-2409,2026-07-03
alexander-mcqueen|SS2019|034,pixtral-12b-2409,2026-07-03
alexander-mcqueen|SS2019|035,pixtral-12b-2409,2026-07-03
alexander-mcqueen|SS2019|036,pixtral-12b-2409,2026-07-03
alexander-mcqueen|SS2019|037,pixtral-12b-2409,2026-07-03
alexander-mcqueen|SS2019|038,pixtral-12b-2409,2026-07-03
alexander-mcqueen|SS2019|039,pixtral-12b-2409,2026-07-03
alexander-mcqueen|SS2019|040,pixtral-12b-2409,2026-07-03
alexander-mcqueen|SS2019|041,pixtral-12b-2409,2026-07-03
alexander-mcqueen|SS2019|042,pixtral-12b-2409,2026-07-03
alexander-mcqueen|SS2019|043,pixtral-12b-2409,2026-07-03
alexander-mcqueen|SS2019|044,pixtral-12b-2409,2026-07-03
alexander-mcqueen|SS2019|045,pixtral-12b-2409,2026-07-03
alexander-mcqueen|SS2019|046,pixtral-12b-2409,2026-07-03
alexander-mcqueen|SS2019|047,pixtral-12b-2409,2026-07-03
alexander-mcqueen|SS2019|048,pixtral-12b-2409,2026-07-03
alexander-mcqueen|SS2019|049,pixtral-12b-2409,2026-07-03
alexander-mcqueen|SS2019|050,pixtral-12b-2409,2026-07-03
alexander-mcqueen|SS2019|051,pixtral-12b-2409,2026-07-03
alexander-mcqueen|SS2019|052,pixtral-12b-2409,2026-07-03
alexander-mcqueen|SS2019|053,pixtral-12b-2409,2026-07-03
alexander-mcqueen|SS2019|054,pixtral-12b-2409,2026-07-03
alexander-mcqueen|SS2019|055,pixtral-12b-2409,2026-07-03
alexander-mcqueen|SS2019|056,pixtral-12b-2409,2026-07-03
alexander-mcqueen|SS2019|057,pixtral-12b-2409,2026-07-03
alexander-mcqueen|SS2019|058,pixtral-12b-2409,2026-07-03
alexander-mcqueen|SS2019|059,pixtral-12b-2409,2026-07-03
alexander-mcqueen|SS2019|060,pixtral-12b-2409,2026-07-03
alexander-mcqueen|SS2020|001,pixtral-12b-2409,2026-07-03
alexander-mcqueen|SS2020|002,pixtral-12b-2409,2026-07-03
alexander-mcqueen|SS2020|003,pixtral-12b-2409,2026-07-03
alexander-mcqueen|SS2020|004,pixtral-12b-2409,2026-07-03
alexander-mcqueen|SS2020|005,pixtral-12b-2409,2026-07-03
alexander-mcqueen|SS2020|006,pixtral-12b-2409,2026-07-03
alexander-mcqueen|SS2020|007,pixtral-12b-2409,2026-07-03
alexander-mcqueen|SS2020|008,pixtral-12b-2409,2026-07-03
alexander-mcqueen|SS2020|009,pixtral-12b-2409,2026-07-03
alexander-mcqueen|SS2020|010,pixtral-12b-2409,2026-07-03
alexander-mcqueen|SS2020|011,pixtral-12b-2409,2026-07-03
alexander-mcqueen|SS2020|012,pixtral-12b-2409,2026-07-03
alexander-mcqueen|SS2020|013,pixtral-12b-2409,2026-07-03
alexander-mcqueen|SS2020|014,pixtral-12b-2409,2026-07-03
alexander-mcqueen|SS2020|015,pixtral-12b-2409,2026-07-03
alexander-mcqueen|SS2020|016,pixtral-12b-2409,2026-07-03
alexander-mcqueen|SS2020|017,pixtral-12b-2409,2026-07-03
alexander-mcqueen|SS2020|018,pixtral-12b-2409,2026-07-03
alexander-mcqueen|SS2020|019,pixtral-12b-2409,2026-07-03
alexander-mcqueen|SS2020|020,pixtral-12b-2409,2026-07-03
alexander-mcqueen|SS2020|021,pixtral-12b-2409,2026-07-03
alexander-mcqueen|SS2020|022,pixtral-12b-2409,2026-07-03
alexander-mcqueen|SS2020|023,pixtral-12b-2409,2026-07-03
alexander-mcqueen|SS2020|024,pixtral-12b-2409,2026-07-03
alexander-mcqueen|SS2020|025,pixtral-12b-2409,2026-07-03
alexander-mcqueen|SS2020|026,pixtral-12b-2409,2026-07-03
alexander-mcqueen|SS2020|027,pixtral-12b-2409,2026-07-03
alexander-mcqueen|SS2020|028,pixtral-12b-2409,2026-07-03
alexander-mcqueen|SS2020|029,pixtral-12b-2409,2026-07-03
alexander-mcqueen|SS2020|030,pixtral-12b-2409,2026-07-03
alexander-mcqueen|SS2020|031,pixtral-12b-2409,2026-07-03
alexander-mcqueen|SS2020|032,pixtral-12b-2409,2026-07-03
alexander-mcqueen|SS2020|033,pixtral-12b-2409,2026-07-03
alexander-mcqueen|SS2020|034,pixtral-12b-2409,2026-07-03
alexander-mcqueen|SS2020|035,pixtral-12b-2409,2026-07-03
alexander-mcqueen|SS2020|036,pixtral-12b-2409,2026-07-03
alexander-mcqueen|SS2020|037,pixtral-12b-2409,2026-07-03
alexander-mcqueen|SS2020|038,pixtral-12b-2409,2026-07-03
alexander-mcqueen|SS2020|039,pixtral-12b-2409,2026-07-03
alexander-mcqueen|SS2020|040,pixtral-12b-2409,2026-07-03
alexander-mcqueen|SS2020|041,pixtral-12b-2409,2026-07-03
alexander-mcqueen|SS2020|042,pixtral-12b-2409,2026-07-03
alexander-mcqueen|SS2020|043,pixtral-12b-2409,2026-07-03
alexander-mcqueen|SS2020|044,pixtral-12b-2409,2026-07-03
alexander-mcqueen|SS2020|045,pixtral-12b-2409,2026-07-03
alexander-mcqueen|SS2020|046,pixtral-12b-2409,2026-07-03
alexander-mcqueen|SS2020|047,pixtral-12b-2409,2026-07-03
alexander-mcqueen|SS2020|048,pixtral-12b-2409,2026-07-03
alexander-mcqueen|SS2020|049,pixtral-12b-2409,2026-07-03
alexander-mcqueen|SS2020|050,pixtral-12b-2409,2026-07-03
alexander-mcqueen|SS2020|051,pixtral-12b-2409,2026-07-03
alexander-mcqueen|SS2020|052,pixtral-12b-2409,2026-07-03
alexander-mcqueen|SS2020|053,pixtral-12b-2409,2026-07-03
alexander-mcqueen|SS2020|054,pixtral-12b-2409,2026-07-03
alexander-mcqueen|SS2020|055,pixtral-12b-2409,2026-07-03
alexander-mcqueen|SS2020|056,pixtral-12b-2409,2026-07-03
alexander-mcqueen|SS2020|057,pixtral-12b-2409,2026-07-03
alexander-mcqueen|SS2020|058,pixtral-12b-2409,2026-07-03
alexander-mcqueen|SS2020|059,pixtral-12b-2409,2026-07-03
alexander-mcqueen|SS2020|060,pixtral-12b-2409,2026-07-03
alexander-mcqueen|SS2021|001,pixtral-12b-2409,2026-07-03
alexander-mcqueen|SS2021|002,gemini-2.5-flash-lite,2026-07-03
alexander-mcqueen|SS2021|003,gemini-2.5-flash-lite,2026-07-03
alexander-mcqueen|SS2021|004,gemini-2.5-flash-lite,2026-07-03
alexander-mcqueen|SS2021|005,gemini-2.5-flash-lite,2026-07-03
alexander-mcqueen|SS2021|006,gemini-2.5-flash-lite,2026-07-03
alexander-mcqueen|SS2021|007,gemini-2.5-flash-lite,2026-07-03
alexander-mcqueen|SS2021|008,gemini-2.5-flash-lite,2026-07-03
alexander-mcqueen|SS2021|010,gemini-2.5-flash-lite,2026-07-03
alexander-mcqueen|SS2021|011,gemini-2.5-flash-lite,2026-07-03
alexander-mcqueen|SS2021|012,gemini-2.5-flash-lite,2026-07-03
alexander-mcqueen|SS2021|013,gemini-2.5-flash-lite,2026-07-03
alexander-mcqueen|SS2021|014,gemini-2.5-flash-lite,2026-07-03
alexander-mcqueen|SS2021|015,gemini-2.5-flash-lite,2026-07-03
alexander-mcqueen|SS2021|016,gemini-2.5-flash-lite,2026-07-03
alexander-mcqueen|SS2021|017,gemini-2.5-flash-lite,2026-07-03
